Division,Section,Department,GRP_REM,PARTYNAME,Category 1,Category 2,Category 3,Category 4,Category 5,Category 6,DESC1,DESC2,DESC3,MRP,RATE,ICODE,GENERATED,STOCKINDATE
Winter Garments,Winterwear Mens,Pullovers [WM],T Shirts,Tudor International. (5042) : ST00042,H WMP,MB,HOOD,NA,F FREE,OLD AGE,,,,645,381.8,M185275,2013-11-15 12:55:00,2013-11-29 00:00:00
Winter Garments,Winterwear Mens,Pullovers [WM],T Shirts,Emmay Knitwears. (5015) : SE00018,H WMP,MB,R NECK,NA,F FREE,OLD AGE,,,,545,320,M185277,2013-11-15 13:03:00,2014-01-30 00:00:00
Winter Garments,Winterwear Girls,Jackets [WG],Girls,Dua Garments. (5014) : SD00016,H WGJ,MB,,NA,"24-28""",OLD AGE,,,,850,496.8,M186190,2013-11-21 13:53:00,2013-11-21 00:00:00
Winter Garments,Winterwear Girls,Jackets [WG],Girls,Dua Garments. (5014) : SD00016,H WGJ,MB,,NA,"24-28""",OLD AGE,,,,895,515.2,M186193,2013-11-21 13:54:00,2013-12-06 00:00:00
Winter Garments,Winterwear Ladies,Sweaters [WL],Ethnic,Shree Niwas Textiles Private Limited. (0192) : SS00011,H WLS,MB,CARDIGAN,NA,F/S,OLD AGE,,,,595,473,M186198,2013-11-21 15:28:00,2013-12-21 00:00:00
Winter Garments,Winterwear Ladies,Winter Tops [WL],Western,Shree Niwas Textiles Private Limited. (0192) : SS00011,H WLT,KARAN,,LT,F/S,OLD AGE,,,,150,108,M187501,2013-12-09 11:49:00,2013-12-09 00:00:00
Winter Garments,Winterwear Ladies,Sweaters [WL],Ethnic,Shree Niwas Textiles Private Limited. (0192) : SS00011,H WLS,MB,BLOUSE,NA,FREE,OLD AGE,,,,295,182,M187502,2013-12-09 11:49:00,2013-12-09 00:00:00
Winter Garments,Winterwear Mens,Pullovers [WM],T Shirts,Jiwan Dass & Grand Sons(33J-0007) : SJ00001,H WMP,MB,R NECK,NA,F FREE,OLD AGE,,,,695,410,M16948,2009-12-17 11:50:00,2009-12-17 00:00:00
Winter Garments,Winterwear Mens,Woolen Accessories,Acc 1,Satish Oswal Hosiery. (5088) : SS00318,H CAP,BORGOFORTE,KIDS,NA,NA,OLD AGE,,,,99,51,M182561,2013-10-17 12:19:00,2014-01-15 00:00:00
Winter Garments,Winterwear Mens,Pullovers [WM],T Shirts,Goyam Knitwears Pvt Ltd. (5102) : SG00045,H WMP,MB,HOOD,NA,F FREE,OLD AGE,,,,560,330,M182575,2013-10-17 17:04:00,2013-10-18 00:00:00
Winter Garments,Winterwear Boys,Jackets [WB],Boys,J. D. India Corporation. (0081) : SJ00004,H WBJ,JD,,NA,"32-36""",OLD AGE,,,,695,409,M183332,2013-10-25 10:00:00,2013-10-25 00:00:00
Winter Garments,Winterwear Boys,Jackets [WB],Boys,J. D. India Corporation. (0081) : SJ00004,H WBJ,JD,,NA,"20-24""",OLD AGE,,,,695,431,M183336,2013-10-25 10:06:00,2013-10-25 00:00:00
Winter Garments,Winterwear Boys,Sweaters [WB],Boys,Yonex Wears(61Y-0008) : SY00010,H WBS,MB,,NA,"30-34""",OLD AGE,,,,695,410,M183346,2013-10-25 11:13:00,2013-10-25 00:00:00
Winter Garments,Winterwear Ladies,Sweaters [WL],Ethnic,Usha Knit Fab. (5043) : SU00014,H WLS,MB,CASUAL,NA,F/S,OLD AGE,,,,945,640,M183352,2013-10-25 12:55:00,2013-12-21 00:00:00
Winter Garments,Winterwear Ladies,Sweaters [WL],Ethnic,Usha Knit Fab. (5043) : SU00014,H WLS,MB,CASUAL,NA,F/S,OLD AGE,,,,995,675,M183353,2013-10-25 12:55:00,2014-01-29 00:00:00
Winter Garments,Winterwear Ladies,Sweaters [WL],Ethnic,Usha Knit Fab. (5043) : SU00014,H WLS,MB,CASUAL,NA,F/S,OLD AGE,,,,795,540,M183355,2013-10-25 12:55:00,2013-12-30 00:00:00
Winter Garments,Winterwear Ladies,Sweaters [WL],Ethnic,Usha Knit Fab. (5043) : SU00014,H WLS,MB,CASUAL,NA,F/S,OLD AGE,,,,1025,695,M183358,2013-10-25 12:56:00,2013-12-30 00:00:00
Winter Garments,Winterwear Ladies,Sweaters [WL],Ethnic,Usha Knit Fab. (5043) : SU00014,H WLS,MB,CASUAL,NA,F/S,OLD AGE,,,,925,625,M183362,2013-10-25 12:56:00,2013-12-30 00:00:00
Winter Garments,Winterwear Mens,Woolen Accessories,Acc 1,Renu Hosiery Factory(61R-0039) : SS00154,H CAP,MB,MENS,NA,NA,OLD AGE,,,,79,51.04,M183364,2013-10-25 14:00:00,2013-10-28 00:00:00
Winter Garments,Winterwear Mens,Woolen Accessories,Acc 1,Renu Hosiery Factory(61R-0039) : SS00154,H CAP,MB,MENS,NA,NA,OLD AGE,,,,75,47.52,M183365,2013-10-25 14:00:00,2013-10-28 00:00:00
Winter Garments,Winterwear Ladies,Sweaters [WL],Ethnic,Jorden -4U. (5097) : SJ00087,H WLS,HONEY BELL,CASUAL,NA,F/S,OLD AGE,,,,750,475,M183929,2013-10-29 16:29:00,2013-12-21 00:00:00
Winter Garments,Winterwear Ladies,Sweaters [WL],Ethnic,Jorden -4U. (5097) : SJ00087,H WLS,HONEY BELL,CASUAL,NA,F/S,OLD AGE,,,,595,370,M183931,2013-10-29 16:30:00,2013-10-29 00:00:00
Winter Garments,Winterwear Mens,Jackets [WM],Casual,S. N. S. Garments. (3191) : SS00321,H WMJ,MB,CARGO,NA,F FREE,OLD AGE,,,,1645,950,M183935,2013-10-29 16:49:00,2013-10-30 00:00:00
Winter Garments,Winterwear Girls,Pullovers [WG],Girls,T. G. Knit Wear. (6036) : ST00057,H WGP,MB,HOOD,NA,F/S,OLD AGE,,,,450,255,M183939,2013-10-29 17:23:00,2013-10-30 00:00:00
Winter Garments,Winterwear Girls,Pullovers [WG],Girls,T. G. Knit Wear. (6036) : ST00057,H WGP,MB,COAT,NA,F/S,OLD AGE,,,,325,190,M183943,2013-10-29 17:24:00,2014-01-29 00:00:00
Winter Garments,Winterwear Girls,Pullovers [WG],Girls,T. G. Knit Wear. (6036) : ST00057,H WGP,MB,COAT,NA,F/S,OLD AGE,,,,350,206,M183945,2013-10-29 17:24:00,2014-01-29 00:00:00
Winter Garments,Winterwear Mens,Pullovers [WM],T Shirts,Sri Vaigai Garments. (6032) : SS00267,H WMP,MB,HOOD,NA,F FREE,OLD AGE,,,,745,440.75,M182310,2013-10-11 09:29:00,2013-12-30 00:00:00
Winter Garments,Winterwear Mens,Sweaters [WM],Formal,Chirag International. (5106) : SC00033,H WMS,MB,NA,NA,F/S,OLD AGE,,,,945,545,M182415,2013-10-16 15:55:00,2014-01-29 00:00:00
Winter Garments,Winterwear Girls,Sweaters [WG],Girls,Usha Knit Fab. (5043) : SU00014,H WGS,KIDS CREW,,NA,"30-34""",OLD AGE,,,,1225,720,M183182,2013-10-24 11:17:00,2013-10-24 00:00:00
Winter Garments,Winterwear Mens,Sweaters [WM],Formal,Atam Woollen Mills Pvt Ltd (5169) : SA00104,H WMS,MB,COLLAR,NA,F/S,OLD AGE,,,,895,523,M183213,2013-10-24 13:02:00,2014-01-30 00:00:00
Winter Garments,Winterwear Mens,Sweaters [WM],Formal,Atam Woollen Mills Pvt Ltd (5169) : SA00104,H WMS,MB,COLLAR,NA,F/S,OLD AGE,,,,1095,636.5,M183216,2013-10-24 13:03:00,2013-10-25 00:00:00
Winter Garments,Winterwear Mens,Sweaters [WM],Formal,Atam Woollen Mills Pvt Ltd (5169) : SA00104,H WMS,MB,COLLAR,NA,F/S,OLD AGE,,,,975,560.5,M183219,2013-10-24 13:04:00,2014-01-15 00:00:00
Winter Garments,Winterwear Mens,Sweaters [WM],Formal,Portmor Hosiery Mills(61P-0046) : SP00078,H WMS,MB,ROUND NECK,NA,F/S,OLD AGE,,,,695,395,M183221,2013-10-24 14:15:00,2014-01-30 00:00:00
Winter Garments,Winterwear Mens,Sweaters [WM],Formal,T K Samrat Hosiery Mills(61T-0045) : ST00074,H WMS,MB,NA,NA,F/S,OLD AGE,,,,1145,653.2,M183228,2013-10-24 14:29:00,2014-01-20 00:00:00
Winter Garments,Winterwear Ladies,Sweaters [WL],Ethnic,Maheshwari Traders (Kolkata) Pvt. Ltd. (0114) : SM00072,H WLS,MB,CARDIGAN,NA,F/S,OLD AGE,,,,750,456,M184072,2013-10-30 17:20:00,2013-11-06 00:00:00
Winter Garments,Winterwear Mens,Woolen Accessories,Acc 1,Kuldip Oswal Hosiery Mills Pvt. Ltd. (5024) : SK00029,H CAP,BORGOFORTE,KIDS,NA,NA,OLD AGE,,,,110,70,M184081,2013-10-31 10:22:00,2013-11-02 00:00:00
Winter Garments,Winterwear Mens,Jackets [WM],Casual,Ashoka Hosiery Pvt. Ltd. (5007) : SA00061,H WMJ,MB,CARGO,NA,F FREE,OLD AGE,,,,2095,1235,M184747,2013-11-11 10:58:00,2014-01-20 00:00:00
Winter Garments,Winterwear Mens,Jackets [WM],Casual,Ashoka Hosiery Pvt. Ltd. (5007) : SA00061,H WMJ,MB,CARGO,NA,S LESS,OLD AGE,,,,1495,855,M184748,2013-11-11 10:59:00,2013-12-30 00:00:00
Winter Garments,Winterwear Boys,Jackets [WB],Boys,Dua Garments. (5014) : SD00016,H WBJ,DUA,,NA,"20-24""",OLD AGE,,,,595,331.2,M184928,2013-11-12 17:20:00,2014-01-20 00:00:00
Winter Garments,Winterwear Boys,Jackets [WB],Boys,Dua Garments. (5014) : SD00016,H WBJ,DUA,,NA,"20-24""",OLD AGE,,,,595,336,M184731,2013-11-09 16:37:00,2014-01-29 00:00:00
Winter Garments,Winterwear Boys,Jackets [WB],Boys,Dua Garments. (5014) : SD00016,H WBJ,DUA,,NA,"26-30""",OLD AGE,,,,625,357.2,M184734,2013-11-09 16:40:00,2013-11-26 00:00:00
Winter Garments,Winterwear Mens,Track Suits [WM],Sports,Midas Knits (P) Ltd. (5028) : SM00106,H WMT,MB,,NA,NA,OLD AGE,,,,945,589.8,M184735,2013-11-09 16:56:00,2014-01-20 00:00:00
Winter Garments,Winterwear Boys,Pullovers [WB],Boys,Bhavana Enterprises. (0313) : SB00141,H WBP,KIDDLERS,,NA,"16-20""",OLD AGE,,,,110,70,M395983,2015-11-02 12:09:57,2015-11-23 00:00:00
Winter Garments,Winterwear Boys,Pullovers [WB],Boys,Paradise Overseas(11P-0053) : SP00089,H WBP,MB,,NA,NA,OLD AGE,,,,295,185,M184906,2013-11-12 16:58:00,2014-02-14 00:00:00
Winter Garments,Winterwear Ladies,Winter Tops [WL],Western,Paradise Overseas(11P-0053) : SP00089,H WLT,MB,,NA,FREE,OLD AGE,,,,425,250,M184907,2013-11-12 16:58:00,2014-02-14 00:00:00
Winter Garments,Winterwear Mens,Jackets [WM],Casual,New Weston Garments(33N-0047) : SN00071,H WMJ,MB,WASH COAT,NA,S LESS,OLD AGE,,,,245,150,M184760,2013-11-11 11:39:00,2014-01-29 00:00:00
Winter Garments,Winterwear Girls,Jackets [WG],Girls,Indra Hosiery Mills. (5147) : SI00013,H WGJ,MB,,NA,"F 32-36""",OLD AGE,,,,1195,703,M182164,2013-10-09 11:31:00,2013-10-10 00:00:00
Winter Garments,Winterwear Girls,Jackets [WG],Girls,Indra Hosiery Mills. (5147) : SI00013,H WGJ,MB,,NA,"F 26-30""",OLD AGE,,,,1125,665,M182167,2013-10-09 11:31:00,2013-10-10 00:00:00
Winter Garments,Winterwear Mens,Jackets [WM],Casual,Indra Hosiery Mills. (5147) : SI00013,H WMJ,MB,CARGO,NA,F FREE,OLD AGE,,,,1825,925,M184484,2013-11-07 11:10:00,2013-11-08 00:00:00
Winter Garments,Winterwear Ladies,Sweaters [WL],Ethnic,Gaudy Knitwears(61G-0052) : SG00080,H WLS,MB,CARDIGAN,NA,F/S,OLD AGE,,,,795,495,M184488,2013-11-07 11:51:00,2014-01-29 00:00:00
Winter Garments,Winterwear Ladies,Sweaters [WL],Ethnic,Gaudy Knitwears(61G-0052) : SG00080,H WLS,MB,CARDIGAN,NA,F/S,OLD AGE,,,,795,490,M184492,2013-11-07 11:52:00,2013-11-08 00:00:00
Winter Garments,Winterwear Mens,Jackets [WM],Casual,Jupiter Fasteners Industries(33J-0044) : SJ00064,H WMJ,MB,,NA,NA,OLD AGE,,,,1395,650,M188630,2013-12-25 12:34:00,2013-12-31 00:00:00
Winter Garments,Winterwear Mens,Sweaters [WM],Formal,Munshi Ram Hosiery(61M-0061) : SM00096,H WMS,MB,COLLAR,NA,F/S,OLD AGE,,,,895,515,M185420,2013-11-16 11:41:00,2013-12-10 00:00:00
Winter Garments,Winterwear Mens,Sweaters [WM],Formal,Munshi Ram Hosiery(61M-0061) : SM00096,H WMS,MB,V NECK,NA,F/S,OLD AGE,,,,625,360,M185424,2013-11-16 11:42:00,2013-12-10 00:00:00
Winter Garments,Winterwear Mens,Sweaters [WM],Formal,Munshi Ram Hosiery(61M-0061) : SM00096,H WMS,MB,NA,NA,H/S,OLD AGE,,,,895,450,M185429,2013-11-16 11:43:00,2013-11-18 00:00:00
Winter Garments,Winterwear Mens,Sweaters [WM],Formal,Munshi Ram Hosiery(61M-0061) : SM00096,H WMS,MB,ROUND NECK,NA,F/S,OLD AGE,,,,625,360,M185430,2013-11-16 11:44:00,2014-01-30 00:00:00
Winter Garments,Winterwear Mens,Pullovers [WM],T Shirts,Paradise Overseas(11P-0053) : SP00089,H WMP,MB,HOOD,NA,F FREE,OLD AGE,,,,395,195,M186297,2013-11-23 15:29:00,2013-12-30 00:00:00
Winter Garments,Winterwear Mens,Pullovers [WM],T Shirts,Montu Shallu Knitwears. (5156) : SM00088,H WMP,MB,R NECK,NA,F FREE,OLD AGE,,,,645,390,M186300,2013-11-23 15:44:00,2013-11-23 00:00:00
Winter Garments,Winterwear Mens,Woolen Accessories,Acc 1,Satish Oswal Hosiery. (5088) : SS00318,H CAP,BORGOFORTE,MENS,NA,NA,OLD AGE,,,,99,66,M182493,2013-10-17 12:12:00,2014-01-29 00:00:00
Winter Garments,Winterwear Mens,Woolen Accessories,Acc 1,Satish Oswal Hosiery. (5088) : SS00318,H CAP,BORGOFORTE,MENS,NA,NA,OLD AGE,,,,135,86,M182496,2013-10-17 12:13:00,2013-10-21 00:00:00
Winter Garments,Winterwear Mens,Woolen Accessories,Acc 1,Satish Oswal Hosiery. (5088) : SS00318,H CAP,BORGOFORTE,MENS,NA,NA,OLD AGE,,,,85,49,M182498,2013-10-17 12:13:00,2013-10-21 00:00:00
Winter Garments,Winterwear Mens,Woolen Accessories,Acc 1,Satish Oswal Hosiery. (5088) : SS00318,H CAP,BORGOFORTE,MENS,NA,NA,OLD AGE,,,,99,66,M182501,2013-10-17 12:14:00,2013-10-21 00:00:00
Winter Garments,Winterwear Mens,Woolen Accessories,Acc 1,Satish Oswal Hosiery. (5088) : SS00318,H CAP,BORGOFORTE,MENS,NA,NA,OLD AGE,,,,99,66,M182503,2013-10-17 12:14:00,2013-10-21 00:00:00
Winter Garments,Winterwear Mens,Woolen Accessories,Acc 1,Satish Oswal Hosiery. (5088) : SS00318,H CAP,BORGOFORTE,MENS,NA,NA,OLD AGE,,,,135,84,M182511,2013-10-17 12:15:00,2013-10-21 00:00:00
Winter Garments,Winterwear Mens,Woolen Accessories,Acc 1,Satish Oswal Hosiery. (5088) : SS00318,H CAP,BORGOFORTE,MENS,NA,NA,OLD AGE,,,,99,66,M182514,2013-10-17 12:15:00,2013-10-21 00:00:00
Winter Garments,Winterwear Mens,Woolen Accessories,Acc 1,Satish Oswal Hosiery. (5088) : SS00318,H CAP,BORGOFORTE,MENS,NA,NA,OLD AGE,,,,125,79,M182517,2013-10-17 12:15:00,2013-10-21 00:00:00
Winter Garments,Winterwear Boys,Jackets [WB],Boys,Dua Garments. (5014) : SD00016,H WBJ,DUA,,NA,"32-36""",OLD AGE,,,,695,400,M184932,2013-11-12 17:21:00,2014-01-29 00:00:00
Winter Garments,Winterwear Mens,Sweaters [WM],Formal,Gold Medal Knitwears. (5090) : SG00055,H WMS,MB,NA,NA,F/S,OLD AGE,,,,645,365,M184937,2013-11-12 17:33:00,2014-02-22 00:00:00
Winter Garments,Winterwear Ladies,Pullovers [WL],Western,Bhaskar Textile. (0029) : SB00004,H WLP,MB,HOOD,NA,F/S,OLD AGE,,,,345,220,M183781,2013-10-29 11:53:00,2014-01-29 00:00:00
Winter Garments,Winterwear Mens,Sweaters [WM],Formal,Maheshwari Traders (Kolkata) Pvt. Ltd. (0114) : SM00072,H WMS,MB,NA,NA,F/S,OLD AGE,,,,1195,695,M183821,2013-10-29 13:54:00,2014-01-15 00:00:00
Winter Garments,Winterwear Mens,Sweaters [WM],Formal,Maheshwari Traders (Kolkata) Pvt. Ltd. (0114) : SM00072,H WMS,MB,V NECK,NA,F/S,OLD AGE,,,,945,522.5,M183823,2013-10-29 13:54:00,2013-10-30 00:00:00
Winter Garments,Winterwear Mens,Sweaters [WM],Formal,Maheshwari Traders (Kolkata) Pvt. Ltd. (0114) : SM00072,H WMS,MB,NA,NA,F/S,OLD AGE,,,,1025,565.25,M183824,2013-10-29 13:54:00,2013-10-30 00:00:00
Winter Garments,Winterwear Girls,Sweaters [WG],Girls,Gold Medal Knitwears. (5090) : SG00055,H WGS,MB,,NA,"30-34""",OLD AGE,,,,795,456,M184693,2013-11-09 11:34:00,2013-11-09 00:00:00
Winter Garments,Winterwear Mens,Sweaters [WM],Formal,Jorden -4U. (5097) : SJ00087,H WMS,MB,ROUND NECK,NA,F/S,OLD AGE,,,,745,425,M184008,2013-10-30 11:46:00,2013-10-31 00:00:00
Winter Garments,Winterwear Mens,Sweaters [WM],Formal,Jorden -4U. (5097) : SJ00087,H WMS,MB,ROUND NECK,NA,F/S,OLD AGE,,,,675,385,M184011,2013-10-30 11:48:00,2013-10-31 00:00:00
Winter Garments,Winterwear Ladies,Sweaters [WL],Ethnic,Pushkar Knit. (5158) : SP00098,H WLS,MB,CARDIGAN,NA,F/S,OLD AGE,,,,1350,820,M184767,2013-11-11 11:49:00,2013-11-11 00:00:00
Winter Garments,Winterwear Ladies,Sweaters [WL],Ethnic,K L Jagdish Chander Jain(61K-0098) : SK00127,H WLS,OSWAL,CARDIGAN,NA,F/S,OLD AGE,,,,850,523,M184770,2013-11-11 12:02:00,2014-01-29 00:00:00
Winter Garments,Winterwear Ladies,Sweaters [WL],Ethnic,K L Jagdish Chander Jain(61K-0098) : SK00127,H WLS,OSWAL,CARDIGAN,NA,F/S,OLD AGE,,,,1250,827,M184772,2013-11-11 12:02:00,2014-01-29 00:00:00
Winter Garments,Winterwear Ladies,Sweaters [WL],Ethnic,K L Jagdish Chander Jain(61K-0098) : SK00127,H WLS,OSWAL,CARDIGAN,NA,F/S,OLD AGE,,,,950,570,M184775,2013-11-11 12:03:00,2014-01-30 00:00:00
Winter Garments,Winterwear Ladies,Sweaters [WL],Ethnic,K L Jagdish Chander Jain(61K-0098) : SK00127,H WLS,OSWAL,CARDIGAN,NA,F/S,OLD AGE,,,,1450,894,M184777,2013-11-11 12:03:00,2014-01-30 00:00:00
Winter Garments,Winterwear Mens,Jackets [WM],Casual,Shree Krishna Trading Co. (0270) : SS00189,H WMJ,MB,CARGO,NA,F FREE,OLD AGE,,,,1245,713,M184785,2013-11-11 15:22:00,2013-12-10 00:00:00
Winter Garments,Winterwear Mens,Jackets [WM],Casual,Shree Krishna Trading Co. (0270) : SS00189,H WMJ,MB,CARGO,NA,F FREE,OLD AGE,,,,1495,924,M184789,2013-11-11 15:24:00,2013-12-17 00:00:00
Winter Garments,Winterwear Boys,Baba Suits [WB],Boys,Aay Jay Knitwears (5135)xxxxx : SA00170,H WBS,SEVEN SEAS,,NA,"20""",OLD AGE,,,,495,290,M182201,2013-10-09 12:41:00,2013-10-10 00:00:00
Winter Garments,Winterwear Boys,Pullovers [WB],Boys,Aay Jay Knitwears (5135)xxxxx : SA00170,H WBP,SEVEN SEAS,,NA,"24-28""",OLD AGE,,,,475,285,M182204,2013-10-09 12:43:00,2013-10-10 00:00:00
Winter Garments,Winterwear Mens,Sweaters [WM],Formal,Gold Medal Knitwears. (5090) : SG00055,H WMS,MB,V NECK,NA,H/S,OLD AGE,,,,295,180,M184944,2013-11-12 17:36:00,2013-12-10 00:00:00
Winter Garments,Winterwear Mens,Sweaters [WM],Formal,Gold Medal Knitwears. (5090) : SG00055,H WMS,MB,NA,NA,H/S,OLD AGE,,,,345,200,M184945,2013-11-12 17:37:00,2013-12-10 00:00:00
Winter Garments,Winterwear Mens,Sweaters [WM],Formal,Gold Medal Knitwears. (5090) : SG00055,H WMS,MB,V NECK,NA,H/S,OLD AGE,,,,295,170,M184948,2013-11-12 17:38:00,2013-12-10 00:00:00
Winter Garments,Winterwear Mens,Sweaters [WM],Formal,Gold Medal Knitwears. (5090) : SG00055,H WMS,MB,V NECK,NA,H/S,OLD AGE,,,,345,190,M184953,2013-11-12 17:46:00,2013-12-10 00:00:00
Winter Garments,Winterwear Girls,Jackets [WG],Girls,Indra Hosiery Mills. (5147) : SI00013,H WGJ,MB,,NA,"F 32-36""",OLD AGE,,,,1195,694,M182170,2013-10-09 11:32:00,2014-02-14 00:00:00
Winter Garments,Winterwear Girls,Jackets [WG],Girls,Indra Hosiery Mills. (5147) : SI00013,H WGJ,MB,,NA,"F 26-30""",OLD AGE,,,,995,617.5,M182175,2013-10-09 11:34:00,2013-10-10 00:00:00
Winter Garments,Winterwear Girls,Jackets [WG],Girls,Indra Hosiery Mills. (5147) : SI00013,H WGJ,MB,,NA,"F 32-36""",OLD AGE,,,,1295,755.25,M182178,2013-10-09 11:34:00,2013-10-10 00:00:00
Winter Garments,Winterwear Girls,Jackets [WG],Girls,Indra Hosiery Mills. (5147) : SI00013,H WGJ,MB,,NA,"F 26-30""",OLD AGE,,,,1175,694,M182179,2013-10-09 11:35:00,2014-02-14 00:00:00
Winter Garments,Winterwear Boys,Baba Suits [WB],Boys,J. S. Marjara Knitwears. (5146) : SJ00057,H WBS,KID BAY,,NA,"F 0""",OLD AGE,,,,395,225,M182181,2013-10-09 12:17:00,2013-10-10 00:00:00
Winter Garments,Winterwear Mens,Sweaters [WM],Formal,T K Samrat Hosiery Mills(61T-0045) : ST00074,H WMS,MB,COLLAR,NA,F/S,OLD AGE,,,,895,515,M183774,2013-10-29 11:25:00,2014-01-30 00:00:00
Winter Garments,Winterwear Mens,Sweaters [WM],Formal,Gold Medal Knitwears. (5090) : SG00055,H WMS,MB,V NECK,NA,F/S,OLD AGE,,,,445,270,M184942,2013-11-12 17:35:00,2013-12-10 00:00:00
Winter Garments,Winterwear Ladies,Shawl,Saree,S. B. Jain Textile Mills. (7098)xxxx : SS00246,H WLL,SB,SHAWL,NA,NA,OLD AGE,,,,285,168,M182767,2013-10-19 14:28:00,2014-01-30 00:00:00
Winter Garments,Winterwear Ladies,Shawl,Saree,S. B. Jain Textile Mills. (7098)xxxx : SS00246,H WLL,SB,SHAWL,NA,NA,OLD AGE,,,,199,117.92,M182770,2013-10-19 14:28:00,2013-12-30 00:00:00
Winter Garments,Winterwear Ladies,Shawl,Saree,S. B. Jain Textile Mills. (7098)xxxx : SS00246,H WLL,SB,SHAWL,NA,NA,OLD AGE,,,,175,105.6,M182772,2013-10-19 14:29:00,2013-12-30 00:00:00
Winter Garments,Winterwear Ladies,Shawl,Saree,S. B. Jain Textile Mills. (7098)xxxx : SS00246,H WLL,SB,SHAWL,NA,NA,OLD AGE,,,,495,290.4,M182775,2013-10-19 14:29:00,2014-01-20 00:00:00
Winter Garments,Winterwear Girls,Jackets [WG],Girls,Shree Niwas Textiles Private Limited. (0192) : SS00011,H WGJ,SPEED,COLOR,DENIM,NA,OLD AGE,,,,150,115,M185247,2013-11-14 16:21:00,2014-02-14 00:00:00
Winter Garments,Winterwear Boys,Payjama [WB],Boys,Midas Apparels. (5027) : SM00094,H WBPY,MB,,NA,"24-28""",OLD AGE,,,,325,232,M185256,2013-11-15 10:14:00,2014-01-29 00:00:00
Winter Garments,Winterwear Ladies,Sweaters [WL],Ethnic,Atam Woollen Mills Pvt Ltd (5169) : SA00104,H WLS,ATAM,CARDIGAN,NA,F/S,OLD AGE,,,,1095,650,M186854,2013-11-29 14:05:00,2013-11-30 00:00:00
Winter Garments,Winterwear Ladies,Sweaters [WL],Ethnic,Atam Woollen Mills Pvt Ltd (5169) : SA00104,H WLS,ATAM,CARDIGAN,NA,F/S,OLD AGE,,,,1095,610,M186856,2013-11-29 14:06:00,2013-11-30 00:00:00
Winter Garments,Winterwear Ladies,Sweaters [WL],Ethnic,Atam Woollen Mills Pvt Ltd (5169) : SA00104,H WLS,ATAM,CARDIGAN,NA,F/S,OLD AGE,,,,1150,690,M186859,2013-11-29 14:06:00,2014-01-29 00:00:00
Winter Garments,Winterwear Girls,Pullovers [WG],Girls,Vijay Vallabh Enterprises. (5098) : SV00033,H WGP,MISS 15,HOOD,NA,"F 30-34""",OLD AGE,,,,575,345,M186862,2013-11-29 14:21:00,2014-02-14 00:00:00
Winter Garments,Winterwear Mens,Woolen Accessories,Acc 1,Shree Niwas Textiles Private Limited. (0192) : SS00011,H CAP,MB,MENS,NA,NA,OLD AGE,,,,89,68,M186866,2013-11-29 15:28:00,2013-11-29 00:00:00
Winter Garments,Winterwear Boys,Pullovers [WB],Boys,Sri Ram Dev Industries. (5038) : SS00130,H WBP,ACCEPT,,NA,"30-34""",OLD AGE,,,,795,492.8,M187472,2013-12-07 17:49:00,2013-12-07 00:00:00
Winter Garments,Winterwear Boys,Pullovers [WB],Boys,Sri Ram Dev Industries. (5038) : SS00130,H WBP,ACCEPT,,NA,"24-28""",OLD AGE,,,,395,233.2,M187476,2013-12-07 17:51:00,2013-12-07 00:00:00
Winter Garments,Winterwear Mens,Woolen Accessories,Acc 1,Satish Oswal Hosiery. (5088) : SS00318,H CAP,BORGOFORTE,MENS,NA,NA,OLD AGE,,,,135,83,M182520,2013-10-17 12:16:00,2013-10-21 00:00:00
Winter Garments,Winterwear Mens,Woolen Accessories,Acc 1,Satish Oswal Hosiery. (5088) : SS00318,H CAP,BORGOFORTE,MENS,NA,NA,OLD AGE,,,,85,48,M182521,2013-10-17 12:16:00,2014-01-15 00:00:00
Winter Garments,Winterwear Mens,Woolen Accessories,Acc 1,Satish Oswal Hosiery. (5088) : SS00318,H CAP,BORGOFORTE,MENS,NA,NA,OLD AGE,,,,125,74,M182522,2013-10-17 12:16:00,2014-01-15 00:00:00
Winter Garments,Winterwear Mens,Woolen Accessories,Acc 1,Satish Oswal Hosiery. (5088) : SS00318,H CAP,BORGOFORTE,MENS,NA,NA,OLD AGE,,,,135,86,M182524,2013-10-17 12:16:00,2014-03-05 00:00:00
Winter Garments,Winterwear Mens,Woolen Accessories,Acc 1,Satish Oswal Hosiery. (5088) : SS00318,H CAP,BORGOFORTE,MENS,NA,NA,OLD AGE,,,,125,78,M182527,2013-10-17 12:16:00,2013-10-21 00:00:00
Winter Garments,Winterwear Mens,Woolen Accessories,Acc 1,Satish Oswal Hosiery. (5088) : SS00318,H CAP,BORGOFORTE,MENS,NA,NA,OLD AGE,,,,125,74,M182531,2013-10-17 12:17:00,2013-10-21 00:00:00
Winter Garments,Winterwear Mens,Woolen Accessories,Acc 1,Satish Oswal Hosiery. (5088) : SS00318,H CAP,BORGOFORTE,MENS,NA,NA,OLD AGE,,,,125,71,M182534,2013-10-17 12:17:00,2014-02-14 00:00:00
Winter Garments,Winterwear Mens,Woolen Accessories,Acc 1,Satish Oswal Hosiery. (5088) : SS00318,H CAP,BORGOFORTE,KIDS,NA,NA,OLD AGE,,,,99,62,M182544,2013-10-17 12:18:00,2013-10-21 00:00:00
Winter Garments,Winterwear Mens,Woolen Accessories,Acc 1,Satish Oswal Hosiery. (5088) : SS00318,H CAP,BORGOFORTE,KIDS,NA,NA,OLD AGE,,,,150,95,M182546,2013-10-17 12:18:00,2013-10-21 00:00:00
Winter Garments,Winterwear Ladies,Sweaters [WL],Ethnic,Atam Woollen Mills Pvt Ltd (5169) : SA00104,H WLS,MB,CARDIGAN,NA,FREE,OLD AGE,,,,1050,618,M182911,2013-10-22 10:49:00,2014-01-29 00:00:00
Winter Garments,Winterwear Ladies,Sweaters [WL],Ethnic,Portmor Hosiery Mills(61P-0046) : SP00078,H WLS,MB,CASUAL,NA,FREE,OLD AGE,,,,1050,609.15,M182913,2013-10-22 10:51:00,2013-12-30 00:00:00
Winter Garments,Winterwear Ladies,Sweaters [WL],Ethnic,Portmor Hosiery Mills(61P-0046) : SP00078,H WLS,MB,CASUAL,NA,FREE,OLD AGE,,,,750,441.75,M182916,2013-10-22 10:53:00,2014-01-15 00:00:00
Winter Garments,Winterwear Ladies,Pullovers [WL],Western,Bhaskar Textile. (0029) : SB00004,H WLP,SK,HOOD,NA,F/S,OLD AGE,,,,325,210,M182923,2013-10-22 11:13:00,2013-10-25 00:00:00
Winter Garments,Winterwear Boys,Blankets Kids,Boys,Jain Creations(61J-0034) : SJ00052,H WBK,DUA,,NA,NA,OLD AGE,,,,225,135,M183107,2013-10-24 10:14:00,2013-10-24 00:00:00
Winter Garments,Winterwear Boys,Blankets Kids,Boys,Jain Creations(61J-0034) : SJ00052,H WBK,DUA,,NA,NA,OLD AGE,,,,250,145,M183109,2013-10-24 10:14:00,2013-10-24 00:00:00
Winter Garments,Winterwear Boys,Sweaters [WB],Boys,Yonex Wears(61Y-0008) : SY00010,H WBS,MB,,NA,"20""",OLD AGE,,,,425,255,M183111,2013-10-24 10:17:00,2013-12-30 00:00:00
Winter Garments,Winterwear Boys,Sweaters [WB],Boys,Yonex Wears(61Y-0008) : SY00010,H WBS,MB,,NA,"20""",OLD AGE,,,,495,295,M183114,2013-10-24 10:18:00,2014-02-14 00:00:00
Winter Garments,Winterwear Boys,Sweaters [WB],Boys,Yonex Wears(61Y-0008) : SY00010,H WBS,MB,,NA,"22""",OLD AGE,,,,460,275,M183117,2013-10-24 10:18:00,2013-10-24 00:00:00
Winter Garments,Winterwear Boys,Sweaters [WB],Boys,Yonex Wears(61Y-0008) : SY00010,H WBS,MB,,NA,"22""",OLD AGE,,,,510,305,M183119,2013-10-24 10:19:00,2014-01-30 00:00:00
Winter Garments,Winterwear Boys,Sweaters [WB],Boys,Yonex Wears(61Y-0008) : SY00010,H WBS,MB,,NA,"24-28""",OLD AGE,,,,425,255,M183122,2013-10-24 10:19:00,2014-01-20 00:00:00
Winter Garments,Winterwear Boys,Sweaters [WB],Boys,Yonex Wears(61Y-0008) : SY00010,H WBS,MB,,NA,"24-28""",OLD AGE,,,,525,315,M183125,2013-10-24 10:20:00,2014-01-20 00:00:00
Winter Garments,Winterwear Boys,Sweaters [WB],Boys,Yonex Wears(61Y-0008) : SY00010,H WBS,MB,,NA,"24-28""",OLD AGE,,,,550,335,M183127,2013-10-24 10:20:00,2013-12-30 00:00:00
Winter Garments,Winterwear Boys,Baba Suits [WB],Boys,H R Narrow Fabrics(61H-0009) : SS00152,H WBS,MB,,NA,"20""",OLD AGE,,,,425,253.15,M183681,2013-10-28 17:02:00,2014-01-15 00:00:00
Winter Garments,Winterwear Boys,Baba Suits [WB],Boys,H R Narrow Fabrics(61H-0009) : SS00152,H WBS,MB,,NA,"20""",OLD AGE,,,,375,219.95,M183684,2013-10-28 17:03:00,2013-10-29 00:00:00
Winter Garments,Winterwear Ladies,Pullovers [WL],Western,Vijay Vallabh Knitting Works. (5089) : SV00037,H WLP,MISS 15,HOOD,NA,F/S,OLD AGE,,,,695,401.8,M183899,2013-10-29 16:03:00,2013-12-30 00:00:00
Winter Garments,Winterwear Ladies,Pullovers [WL],Western,Vijay Vallabh Knitting Works. (5089) : SV00037,H WLP,MISS 15,HOOD,NA,F/S,OLD AGE,,,,625,377.3,M183901,2013-10-29 16:04:00,2013-10-30 00:00:00
Winter Garments,Winterwear Mens,Jackets [WM],Casual,S. N. S. Garments. (3191) : SS00321,H WMJ,MB,CARGO,NA,F FREE,OLD AGE,,,,1575,900,M183903,2013-10-29 16:05:00,2013-11-14 00:00:00
Winter Garments,Winterwear Mens,Jackets [WM],Casual,S. N. S. Garments. (3191) : SS00321,H WMJ,MB,CARGO,NA,F FREE,OLD AGE,,,,825,475,M183905,2013-10-29 16:06:00,2013-12-30 00:00:00
Winter Garments,Winterwear Mens,Jackets [WM],Casual,S. N. S. Garments. (3191) : SS00321,H WMJ,MB,CARGO,NA,F FREE,OLD AGE,,,,645,375,M183908,2013-10-29 16:06:00,2013-12-10 00:00:00
Winter Garments,Winterwear Mens,Jackets [WM],Casual,S. N. S. Garments. (3191) : SS00321,H WMJ,MB,CARGO,NA,F FREE,OLD AGE,,,,425,250,M183910,2013-10-29 16:08:00,2013-10-30 00:00:00
Winter Garments,Winterwear Mens,Woolen Accessories,Acc 1,Baazar Retail Limited(33B-0007) : SB00009,H CAP,MB,MENS,NA,NA,OLD AGE,,,,99,54,M184703,2013-11-09 12:21:00,2013-11-09 00:00:00
Winter Garments,Winterwear Mens,Woolen Accessories,Acc 1,Baazar Retail Limited(33B-0007) : SB00009,H CAP,MB,MENS,NA,NA,OLD AGE,,,,85,49,M184707,2013-11-09 12:47:00,2013-11-09 00:00:00
Winter Garments,Winterwear Mens,Blankets,Acc 2,Seema Textile(33S-0252) : SS00398,H MBC,MB,REGAL,NA,NA,OLD AGE,,,,2300,1405.5,M184714,2013-11-09 14:47:00,2014-01-15 00:00:00
Winter Garments,Winterwear Mens,Track Suits [WM],Sports,K. K. Knitting Works. (5020) : SK00085,H WMT,MB,PAYJAMA,NA,NA,OLD AGE,,,,425,260,M184716,2013-11-09 14:54:00,2014-02-22 00:00:00
Winter Garments,Winterwear Boys,Sweaters [WB],Boys,Dhananjai Lifestyle Ltd. (0405) : SD00053,H WBS,MB,,NA,NA,OLD AGE,,,,125,73,M184719,2013-11-09 15:15:00,2014-01-29 00:00:00
Winter Garments,Winterwear Boys,Jackets [WB],Boys,Dua Garments. (5014) : SD00016,H WBJ,DUA,,NA,"32-36""",OLD AGE,,,,650,381.8,M184722,2013-11-09 16:03:00,2013-11-11 00:00:00
Winter Garments,Winterwear Boys,Jackets [WB],Boys,Dua Garments. (5014) : SD00016,H WBJ,DUA,,NA,"32-36""",OLD AGE,,,,775,450.8,M184729,2013-11-09 16:36:00,2013-11-20 00:00:00
Winter Garments,Winterwear Ladies,Sweaters [WL],Ethnic,Jorden -4U. (5097) : SJ00087,H WLS,HONEY BELL,CASUAL,NA,F/S,OLD AGE,,,,995,590,M183557,2013-10-28 14:31:00,2014-01-15 00:00:00
Winter Garments,Winterwear Ladies,Sweaters [WL],Ethnic,Jorden -4U. (5097) : SJ00087,H WLS,HONEY BELL,CASUAL,NA,F/S,OLD AGE,,,,1050,620,M183560,2013-10-28 14:31:00,2013-12-21 00:00:00
Winter Garments,Winterwear Ladies,Sweaters [WL],Ethnic,Jorden -4U. (5097) : SJ00087,H WLS,HONEY BELL,CASUAL,NA,F/S,OLD AGE,,,,1050,640,M183563,2013-10-28 14:32:00,2013-12-21 00:00:00
Winter Garments,Winterwear Ladies,Sweaters [WL],Ethnic,Jorden -4U. (5097) : SJ00087,H WLS,HONEY BELL,CASUAL,NA,F/S,OLD AGE,,,,375,240,M183567,2013-10-28 14:33:00,2014-01-29 00:00:00
Winter Garments,Winterwear Ladies,Sweaters [WL],Ethnic,Jorden -4U. (5097) : SJ00087,H WLS,HONEY BELL,CASUAL,NA,F/S,OLD AGE,,,,625,375,M183571,2013-10-28 14:33:00,2013-10-28 00:00:00
Winter Garments,Winterwear Ladies,Sweaters [WL],Ethnic,Jorden -4U. (5097) : SJ00087,H WLS,HONEY BELL,HOOD,NA,F/S,OLD AGE,,,,650,395,M183572,2013-10-28 14:34:00,2013-10-28 00:00:00
Winter Garments,Winterwear Ladies,Sweaters [WL],Ethnic,Jorden -4U. (5097) : SJ00087,H WLS,HONEY BELL,CARDIGAN,NA,F/S,OLD AGE,,,,675,405,M183573,2013-10-28 14:37:00,2013-10-28 00:00:00
Winter Garments,Winterwear Mens,Pullovers [WM],T Shirts,Jayam Garments. (Green) (6015) : SJ00038,H WMP,MB,HOOD,NA,F FREE,OLD AGE,,,,695,405,M185346,2013-11-15 16:20:00,2013-11-16 00:00:00
Winter Garments,Winterwear Mens,Pullovers [WM],T Shirts,Valmond Knits. (6035) : SV00052,H WMP,MB,HOOD,NA,F FREE,OLD AGE,,,,425,254,M185349,2013-11-15 16:29:00,2013-11-16 00:00:00
Winter Garments,Winterwear Mens,Pullovers [WM],T Shirts,Valmond Knits. (6035) : SV00052,H WMP,MB,R NECK,NA,F FREE,OLD AGE,,,,595,350,M185351,2013-11-15 16:29:00,2014-01-15 00:00:00
Winter Garments,Winterwear Mens,Pullovers [WM],T Shirts,Emmay Knitwears. (5015) : SE00018,H WMP,MB,HOOD,NA,F FREE,OLD AGE,,,,445,255,M185354,2013-11-15 16:31:00,2013-11-16 00:00:00
Winter Garments,Winterwear Mens,Pullovers [WM],T Shirts,Kuldip Oswal Hosiery Mills Pvt. Ltd. (5024) : SK00029,H WMP,MB,NA,NA,F FREE,OLD AGE,,,,945,558,M185358,2013-11-15 16:36:00,2013-11-16 00:00:00
Winter Garments,Winterwear Boys,Baba Suits [WB],Boys,H R Narrow Fabrics(61H-0009) : SS00152,H WBS,MB,,NA,"18""",OLD AGE,,,,450,261.45,M183687,2013-10-28 17:03:00,2013-10-29 00:00:00
Winter Garments,Winterwear Boys,Baba Suits [WB],Boys,H R Narrow Fabrics(61H-0009) : SS00152,H WBS,MB,,NA,"18""",OLD AGE,,,,250,149.4,M183690,2013-10-28 17:04:00,2014-01-15 00:00:00
Winter Garments,Winterwear Boys,Baba Suits [WB],Boys,H R Narrow Fabrics(61H-0009) : SS00152,H WBS,MB,,NA,"18""",OLD AGE,,,,325,195.05,M183693,2013-10-28 17:05:00,2013-12-30 00:00:00
Winter Garments,Winterwear Mens,Pullovers [WM],T Shirts,Kuldip Oswal Hosiery Mills Pvt. Ltd. (5024) : SK00029,H WMP,MB,NA,NA,F FREE,OLD AGE,,,,995,589,M184567,2013-11-07 16:09:00,2013-11-07 00:00:00
Winter Garments,Winterwear Mens,Pullovers [WM],T Shirts,Midas Knits (P) Ltd. (5028) : SM00106,H WMP,MB,HOOD,NA,F FREE,OLD AGE,,,,745,425,M184570,2013-11-07 16:13:00,2014-01-29 00:00:00
Winter Garments,Winterwear Mens,Pullovers [WM],T Shirts,Bahu Bali Knitwears (Regd.) (5008) : SB00068,H WMP,MB,R NECK,NA,F FREE,OLD AGE,,,,545,325,M184530,2013-11-07 14:46:00,2014-01-29 00:00:00
Winter Garments,Winterwear Mens,Pullovers [WM],T Shirts,Bahu Bali Knitwears (Regd.) (5008) : SB00068,H WMP,MB,R NECK,NA,F FREE,OLD AGE,,,,525,312.5,M184534,2013-11-07 14:47:00,2014-01-15 00:00:00
Winter Garments,Winterwear Girls,Jackets [WG],Girls,Shashi Kamal Enterprises. (5107) : SS00317,H WGJ,MB,,NA,"F 30-34""",OLD AGE,,,,1195,665,M184539,2013-11-07 15:16:00,2014-01-15 00:00:00
Winter Garments,Winterwear Girls,Jackets [WG],Girls,Shashi Kamal Enterprises. (5107) : SS00317,H WGJ,MB,S LESS,NA,"F 30-34""",OLD AGE,,,,1175,713,M184541,2013-11-07 15:18:00,2014-02-14 00:00:00
Winter Garments,Winterwear Girls,Jackets [WG],Girls,Shashi Kamal Enterprises. (5107) : SS00317,H WGJ,MB,S LESS,NA,"F 36""",OLD AGE,,,,1195,722,M184546,2013-11-07 15:19:00,2013-11-07 00:00:00
Winter Garments,Winterwear Girls,Jackets [WG],Girls,Shashi Kamal Enterprises. (5107) : SS00317,H WGJ,MB,,NA,"F 36""",OLD AGE,,,,1295,750.5,M184549,2013-11-07 15:19:00,2013-11-07 00:00:00
Winter Garments,Winterwear Mens,Pullovers [WM],T Shirts,Amarson International Pvt. Ltd. (5005) : SA00128,H WMP,MB,HOOD,NA,F FREE,OLD AGE,,,,795,468,M184460,2013-11-07 10:34:00,2013-11-16 00:00:00
Winter Garments,Winterwear Mens,Pullovers [WM],T Shirts,Amarson International Pvt. Ltd. (5005) : SA00128,H WMP,MB,HOOD,NA,F FREE,OLD AGE,,,,795,477,M184465,2013-11-07 10:37:00,2014-01-20 00:00:00
Winter Garments,Winterwear Mens,Pullovers [WM],T Shirts,Amarson International Pvt. Ltd. (5005) : SA00128,H WMP,MB,HOOD,NA,F FREE,OLD AGE,,,,795,450,M184468,2013-11-07 10:39:00,2013-11-07 00:00:00
Winter Garments,Winterwear Mens,Jackets [WM],Casual,Indra Hosiery Mills. (5147) : SI00013,H WMJ,MB,CARGO,NA,F FREE,OLD AGE,,,,975,452.5,M184474,2013-11-07 11:04:00,2013-11-08 00:00:00
Winter Garments,Winterwear Mens,Jackets [WM],Casual,Indra Hosiery Mills. (5147) : SI00013,H WMJ,MB,CARGO,NA,F FREE,OLD AGE,,,,1475,729.25,M184478,2013-11-07 11:08:00,2013-11-08 00:00:00
Winter Garments,Winterwear Mens,Jackets [WM],Casual,Indra Hosiery Mills. (5147) : SI00013,H WMJ,MB,CARGO,NA,F FREE,OLD AGE,,,,1345,655,M184480,2013-11-07 11:09:00,2013-12-30 00:00:00
Winter Garments,Winterwear Girls,Sweaters [WG],Girls,Usha Knit Fab. (5043) : SU00014,H WGS,KIDS CREW,,NA,"24-28""",OLD AGE,,,,895,535,M183167,2013-10-24 11:16:00,2013-10-24 00:00:00
Winter Garments,Winterwear Mens,Pullovers [WM],T Shirts,Tudor International. (5042) : ST00042,H WMP,MB,HOOD,NA,F FREE,OLD AGE,,,,625,354.2,M186803,2013-11-29 09:57:00,2013-11-29 00:00:00
Winter Garments,Winterwear Boys,Pullovers [WB],Boys,Sri Ram Dev Industries. (5038) : SS00130,H WBP,ACCEPT,,NA,"30-34""",OLD AGE,,,,525,316.8,M187415,2013-12-07 11:01:00,2013-12-09 00:00:00
Winter Garments,Winterwear Girls,Girls Sets [WG],Girls,Dudheria Apparels Pvt. Ltd. (0049) : SD00056,H WGCP,AMY,HOOD,NA,NA,OLD AGE,,,,210,130,M185037,2013-11-13 14:36:00,2013-11-18 00:00:00
Winter Garments,Winterwear Mens,Track Suits [WM],Sports,Midas Apparels. (5027) : SM00094,H WMT,MB,PAYJAMA,NA,NA,OLD AGE,,,,360,259.93,M185044,2013-11-13 14:44:00,2013-11-14 00:00:00
Winter Garments,Winterwear Boys,Pullovers [WB],Boys,Sri Ram Dev Industries. (5038) : SS00130,H WBP,ACCEPT,,NA,"30-34""",OLD AGE,,,,795,497.2,M182482,2013-10-17 12:11:00,2013-10-18 00:00:00
Winter Garments,Winterwear Boys,Pullovers [WB],Boys,Sri Ram Dev Industries. (5038) : SS00130,H WBP,ACCEPT,,NA,"30-34""",OLD AGE,,,,550,330,M182487,2013-10-17 12:12:00,2014-01-15 00:00:00
Winter Garments,Winterwear Ladies,Jackets [WL],Western,Atam Woollen Mills Pvt Ltd (5169) : SA00104,H WLJ,ATAM,HOOD,NA,F/S,OLD AGE,,,,1150,712.5,M183010,2013-10-23 11:06:00,2013-10-24 00:00:00
Winter Garments,Winterwear Mens,Pullovers [WM],T Shirts,Valmond Knits. (6035) : SV00052,H WMP,MB,NA,NA,F FREE,OLD AGE,,,,645,375,M183034,2013-10-23 12:41:00,2013-10-24 00:00:00
Winter Garments,Winterwear Mens,Pullovers [WM],T Shirts,Sri Vaigai Garments. (6032) : SS00267,H WMP,MB,HOOD,NA,F FREE,OLD AGE,,,,895,544,M183036,2013-10-23 12:42:00,2013-10-24 00:00:00
Winter Garments,Winterwear Boys,Pullovers [WB],Boys,Sri Ram Dev Industries. (5038) : SS00130,H WBP,ACCEPT,,NA,"30-34""",OLD AGE,,,,595,352,M183708,2013-10-28 17:22:00,2013-10-29 00:00:00
Winter Garments,Winterwear Ladies,Winter Tops [WL],Western,Baazar Retail Limited(33B-0007) : SB00009,H WLT,TT,,NA,FREE,OLD AGE,,,,595,385,M183613,2013-10-28 15:21:00,2013-12-21 00:00:00
Winter Garments,Winterwear Ladies,Winter Tops [WL],Western,Baazar Retail Limited(33B-0007) : SB00009,H WLT,TT,,NA,FREE,OLD AGE,,,,550,403,M183615,2013-10-28 15:23:00,2013-12-30 00:00:00
Winter Garments,Winterwear Ladies,Winter Tops [WL],Western,Baazar Retail Limited(33B-0007) : SB00009,H WLT,TT,,NA,FREE,OLD AGE,,,,395,271,M183616,2013-10-28 15:23:00,2014-01-30 00:00:00
Winter Garments,Winterwear Ladies,Winter Tops [WL],Western,Baazar Retail Limited(33B-0007) : SB00009,H WLT,TT,,NA,FREE,OLD AGE,,,,325,201,M183619,2013-10-28 15:26:00,2013-12-21 00:00:00
Winter Garments,Winterwear Ladies,Winter Tops [WL],Western,Baazar Retail Limited(33B-0007) : SB00009,H WLT,TT,,NA,FREE,OLD AGE,,,,395,254,M183622,2013-10-28 15:27:00,2013-12-30 00:00:00
Winter Garments,Winterwear Boys,Baba Suits [WB],Boys,H R Narrow Fabrics(61H-0009) : SS00152,H WBS,MB,,NA,"18""",OLD AGE,,,,310,178.45,M183749,2013-10-28 18:13:00,2014-01-15 00:00:00
Winter Garments,Winterwear Girls,Girls Sets [WG],Girls,Jain Creations(61J-0034) : SJ00052,H WGCP,TINI-MINI,,NA,"F 22-26""",OLD AGE,,,,395,233.2,M183751,2013-10-28 18:13:00,2013-10-28 00:00:00
Winter Garments,Winterwear Boys,Baba Suits [WB],Boys,H R Narrow Fabrics(61H-0009) : SS00152,H WBS,MB,,NA,"14""",OLD AGE,,,,275,157.7,M183754,2013-10-28 18:14:00,2013-10-29 00:00:00
Winter Garments,Winterwear Mens,Sweaters [WM],Formal,Kuldip Oswal Hosiery Mills Pvt. Ltd. (5024) : SK00029,H WMS,MB,V NECK,NA,F/S,OLD AGE,,,,1095,630,M183757,2013-10-28 18:23:00,2014-01-29 00:00:00
Winter Garments,Winterwear Mens,Jackets [WM],Casual,Kuldip Oswal Hosiery Mills Pvt. Ltd. (5024) : SK00029,H WMJ,BORGOFORTE,HOUSE COAT,NA,F/S,OLD AGE,,,,1825,1050,M183760,2013-10-28 18:25:00,2013-10-30 00:00:00
Winter Garments,Winterwear Ladies,Sweaters [WL],Ethnic,Maheshwari Traders (Kolkata) Pvt. Ltd. (0114) : SM00072,H WLS,MB,CARDIGAN,NA,F/S,OLD AGE,,,,850,495,M183764,2013-10-29 10:59:00,2014-01-30 00:00:00
Winter Garments,Winterwear Ladies,Sweaters [WL],Ethnic,Maheshwari Traders (Kolkata) Pvt. Ltd. (0114) : SM00072,H WLS,MB,CARDIGAN,NA,F/S,OLD AGE,,,,995,605,M183767,2013-10-29 11:00:00,2014-01-29 00:00:00
Winter Garments,Winterwear Ladies,Sweaters [WL],Ethnic,Maheshwari Traders (Kolkata) Pvt. Ltd. (0114) : SM00072,H WLS,MB,CARDIGAN,NA,F/S,OLD AGE,,,,1295,790,M183769,2013-10-29 11:00:00,2014-01-15 00:00:00
Winter Garments,Winterwear Mens,Jackets [WM],Casual,Indra Hosiery Mills. (5147) : SI00013,H WMJ,MB,CARGO,NA,F FREE,OLD AGE,,,,1175,558.25,M184574,2013-11-07 17:27:00,2013-11-08 00:00:00
Winter Garments,Winterwear Ladies,Shawl,Saree,S. B. Jain Textile Mills. (7098)xxxx : SS00246,H WLL,SB,SHAWL,NA,NA,OLD AGE,,,,135,81.84,M182758,2013-10-19 14:27:00,2013-12-30 00:00:00
Winter Garments,Winterwear Ladies,Shawl,Saree,S. B. Jain Textile Mills. (7098)xxxx : SS00246,H WLL,SB,SHAWL,NA,NA,OLD AGE,,,,285,170.72,M182762,2013-10-19 14:28:00,2013-12-30 00:00:00
Winter Garments,Winterwear Mens,Pullovers [WM],T Shirts,Jayam Garments. (Green) (6015) : SJ00038,H WMP,MB,HOOD,NA,F FREE,OLD AGE,,,,695,410,M185413,2013-11-16 11:29:00,2013-11-16 00:00:00
Winter Garments,Winterwear Mens,Woolen Accessories,Acc 1,Kuldip Oswal Hosiery Mills Pvt. Ltd. (5024) : SK00029,H CAP,BORGOFORTE,MENS,NA,NA,OLD AGE,,,,125,80,M185416,2013-11-16 11:31:00,2014-01-20 00:00:00
Winter Garments,Winterwear Mens,Woolen Accessories,Acc 1,Kuldip Oswal Hosiery Mills Pvt. Ltd. (5024) : SK00029,H CAP,BORGOFORTE,MENS,NA,NA,OLD AGE,,,,135,85.5,M185419,2013-11-16 11:38:00,2013-11-18 00:00:00
Winter Garments,Winterwear Mens,Pullovers [WM],T Shirts,Vipra Knit Garments. (6015) : SV00032,H WMP,MB,HOOD,NA,F FREE,OLD AGE,,,,695,410,M186141,2013-11-21 11:35:00,2014-01-20 00:00:00
Winter Garments,Winterwear Mens,Pullovers [WM],T Shirts,L. B. Creations. (6015) : SL00014,H WMP,MB,HOOD,NA,F FREE,OLD AGE,,,,675,395,M186143,2013-11-21 11:36:00,2013-12-04 00:00:00
Winter Garments,Winterwear Mens,Pullovers [WM],T Shirts,Vipra Knit Garments. (6015) : SV00032,H WMP,MB,HOOD,NA,F FREE,OLD AGE,,,,645,379,M186148,2013-11-21 11:40:00,2013-11-21 00:00:00
Winter Garments,Winterwear Mens,Pullovers [WM],T Shirts,Sri Ram Dev Industries. (5038) : SS00130,H WMP,MB,NA,NA,NA,OLD AGE,,,,575,330,M187422,2013-12-07 11:02:00,2013-12-09 00:00:00
Winter Garments,Winterwear Ladies,Pullovers [WL],Western,Vijay Vallabh Knitting Works. (5089) : SV00037,H WLP,MISS 15,HOOD,NA,F/S,OLD AGE,,,,675,382.2,M187430,2013-12-07 11:27:00,2013-12-07 00:00:00
Winter Garments,Winterwear Ladies,Pullovers [WL],Western,Vijay Vallabh Knitting Works. (5089) : SV00037,H WLP,MISS 15,HOOD,NA,F/S,OLD AGE,,,,750,445.9,M187432,2013-12-07 11:28:00,2013-12-30 00:00:00
Winter Garments,Winterwear Mens,Woolen Accessories,Acc 1,Satish Oswal Hosiery. (5088) : SS00318,H CAP,BORGOFORTE,MENS,NA,NA,OLD AGE,,,,99,64,M182489,2013-10-17 12:12:00,2013-10-21 00:00:00
Winter Garments,Winterwear Girls,Pullovers [WG],Girls,T. G. Knit Wear. (6036) : ST00057,H WGP,MB,COAT,NA,F/S,OLD AGE,,,,299,170,M185096,2013-11-13 18:04:00,2014-01-29 00:00:00
Winter Garments,Winterwear Girls,Pullovers [WG],Girls,T. G. Knit Wear. (6036) : ST00057,H WGP,MB,COAT,NA,F/S,OLD AGE,,,,350,206,M185099,2013-11-13 18:04:00,2014-01-29 00:00:00
Winter Garments,Winterwear Girls,Pullovers [WG],Girls,T. G. Knit Wear. (6036) : ST00057,H WGP,MB,HOOD,NA,F/S,OLD AGE,,,,450,255,M185101,2013-11-13 18:05:00,2013-11-14 00:00:00
Winter Garments,Winterwear Ladies,Winter Tops [WL],Western,Baazar Retail Limited(33B-0007) : SB00009,H WLT,TT,,NA,FREE,OLD AGE,,,,495,333,M183047,2013-10-23 14:36:00,2013-12-30 00:00:00
Winter Garments,Winterwear Ladies,Winter Tops [WL],Western,Baazar Retail Limited(33B-0007) : SB00009,H WLT,TT,,NA,FREE,OLD AGE,,,,425,280,M183049,2013-10-23 14:37:00,2013-12-30 00:00:00
Winter Garments,Winterwear Mens,Sweaters [WM],Formal,Maheshwari Traders (Kolkata) Pvt. Ltd. (0114) : SM00072,H WMS,MB,V NECK,NA,F/S,OLD AGE,,,,775,423,M183829,2013-10-29 13:56:00,2014-02-22 00:00:00
Winter Garments,Winterwear Mens,Sweaters [WM],Formal,Maheshwari Traders (Kolkata) Pvt. Ltd. (0114) : SM00072,H WMS,MB,NA,NA,F/S,OLD AGE,,,,1125,617.5,M183830,2013-10-29 13:56:00,2013-10-30 00:00:00
Winter Garments,Winterwear Boys,Jackets [WB],Boys,S. N. S. Garments. (3191) : SS00321,H WBJ,MB,,NA,NA,OLD AGE,,,,625,375,M183889,2013-10-29 15:49:00,2014-01-29 00:00:00
Winter Garments,Winterwear Ladies,Sweaters [WL],Ethnic,Atam Woollen Mills Pvt Ltd (5169) : SA00104,H WLS,MB,CARDIGAN,NA,FREE,OLD AGE,,,,1195,774,M182906,2013-10-22 10:48:00,2014-01-29 00:00:00
Winter Garments,Winterwear Ladies,Sweaters [WL],Ethnic,Atam Woollen Mills Pvt Ltd (5169) : SA00104,H WLS,MB,CASUAL,NA,FREE,OLD AGE,,,,995,598.5,M182908,2013-10-22 10:49:00,2013-12-30 00:00:00
Winter Garments,Winterwear Mens,Woolen Accessories,Acc 1,Kuldip Oswal Hosiery Mills Pvt. Ltd. (5024) : SK00029,H CAP,BORGOFORTE,MENS,NA,NA,OLD AGE,,,,145,91,M185409,2013-11-16 11:28:00,2014-01-20 00:00:00
Winter Garments,Winterwear Mens,Woolen Accessories,Acc 1,Kuldip Oswal Hosiery Mills Pvt. Ltd. (5024) : SK00029,H CAP,BORGOFORTE,MENS,NA,NA,OLD AGE,,,,110,67,M185411,2013-11-16 11:29:00,2014-03-05 00:00:00
Winter Garments,Winterwear Mens,Track Suits [WM],Sports,Shree Niwas Textiles Private Limited. (0192) : SS00011,H WMT,SPEED,PAYJAMA,NA,NA,OLD AGE,,,,245,176,M184214,2013-11-01 14:09:00,2014-02-22 00:00:00
Winter Garments,Winterwear Mens,Jackets [WM],Casual,Baazar Retail Limited(33B-0007) : SB00009,H WMJ,MB,CARGO,NA,F FREE,OLD AGE,,,,1995,1216,M184222,2013-11-01 14:13:00,2013-11-01 00:00:00
Winter Garments,Winterwear Mens,Jackets [WM],Casual,Baazar Retail Limited(33B-0007) : SB00009,H WMJ,MB,CARGO,NA,F FREE,OLD AGE,,,,1995,1313,M184226,2013-11-01 14:14:00,2013-11-01 00:00:00
Winter Garments,Winterwear Boys,Jackets [WB],Boys,Shree Niwas Textiles Private Limited. (0192) : SS00011,H WBJ,SPEED,F OPEN,NA,F/S,OLD AGE,,,,225,178,M184230,2013-11-01 16:42:00,2014-02-14 00:00:00
Winter Garments,Winterwear Ladies,Pullovers [WL],Western,Balaji Textiles. (6005) : SB00072,H WLP,X PLORE,HOOD,NA,F/S,OLD AGE,,,,445,256.63,M184238,2013-11-04 10:13:00,2014-01-15 00:00:00
Winter Garments,Winterwear Ladies,Sweaters [WL],Ethnic,Munshi Ram Hosiery(61M-0061) : SM00096,H WLS,MB,CARDIGAN,NA,F/S,OLD AGE,,,,1250,750,M185066,2013-11-13 15:51:00,2014-01-29 00:00:00
Winter Garments,Winterwear Ladies,Sweaters [WL],Ethnic,Munshi Ram Hosiery(61M-0061) : SM00096,H WLS,MB,CARDIGAN,NA,F/S,OLD AGE,,,,950,575,M185069,2013-11-13 15:52:00,2014-01-20 00:00:00
Winter Garments,Winterwear Ladies,Sweaters [WL],Ethnic,Munshi Ram Hosiery(61M-0061) : SM00096,H WLS,MB,CARDIGAN,NA,F/S,OLD AGE,,,,850,525,M185071,2013-11-13 15:53:00,2014-01-20 00:00:00
Winter Garments,Winterwear Mens,Jackets [WM],Casual,Indra Hosiery Mills. (5147) : SI00013,H WMJ,MB,CARGO,NA,F FREE,OLD AGE,,,,925,421,M184432,2013-11-06 18:06:00,2013-12-10 00:00:00
Winter Garments,Winterwear Mens,Jackets [WM],Casual,Indra Hosiery Mills. (5147) : SI00013,H WMJ,MB,CARGO,NA,F FREE,OLD AGE,,,,1545,774.25,M184436,2013-11-06 18:07:00,2013-12-30 00:00:00
Winter Garments,Winterwear Mens,Jackets [WM],Casual,Indra Hosiery Mills. (5147) : SI00013,H WMJ,MB,CARGO,NA,F FREE,OLD AGE,,,,995,459.25,M184440,2013-11-06 18:08:00,2013-12-10 00:00:00
Winter Garments,Winterwear Mens,Jackets [WM],Casual,Indra Hosiery Mills. (5147) : SI00013,H WMJ,MB,CARGO,NA,F FREE,OLD AGE,,,,1325,655,M184442,2013-11-06 18:08:00,2013-12-10 00:00:00
Winter Garments,Winterwear Mens,Jackets [WM],Casual,Indra Hosiery Mills. (5147) : SI00013,H WMJ,MB,CARGO,NA,F FREE,OLD AGE,,,,895,414.25,M184447,2013-11-06 18:09:00,2013-11-08 00:00:00
Winter Garments,Winterwear Mens,Jackets [WM],Casual,Indra Hosiery Mills. (5147) : SI00013,H WMJ,MB,CARGO,NA,F FREE,OLD AGE,,,,1145,549.25,M184448,2013-11-06 18:09:00,2013-12-10 00:00:00
Winter Garments,Winterwear Ladies,Sweaters [WL],Ethnic,Shree Niwas Textiles Private Limited. (0192) : SS00011,H WLS,MB,,NA,F/S,OLD AGE,,,,595,473,M187096,2013-12-03 11:45:00,2014-01-15 00:00:00
Winter Garments,Winterwear Boys,Pullovers [WB],Boys,Kavita International. (5022) : SK00101,H WBP,SPARK,,NA,"24-28""",OLD AGE,,,,650,387,M186028,2013-11-21 09:49:00,2013-11-21 00:00:00
Winter Garments,Winterwear Mens,Pullovers [WM],T Shirts,Shree Niwas Textiles Private Limited. (0192) : SS00011,H WMP,MB,HOOD,NA,F FREE,OLD AGE,,,,495,297,M186846,2013-11-29 12:42:00,2013-12-30 00:00:00
Winter Garments,Winterwear Ladies,Shawl,Saree,S. B. Jain Textile Mills. (7098)xxxx : SS00246,H WLL,SB,SHAWL,NA,NA,OLD AGE,,,,375,210,M186838,2013-11-29 12:05:00,2014-01-30 00:00:00
Winter Garments,Winterwear Ladies,Shawl,Saree,S. B. Jain Textile Mills. (7098)xxxx : SS00246,H WLL,SB,SHAWL,NA,NA,OLD AGE,,,,375,214.72,M186841,2013-11-29 12:06:00,2013-12-02 00:00:00
Winter Garments,Winterwear Ladies,Shawl,Saree,S. B. Jain Textile Mills. (7098)xxxx : SS00246,H WLL,SB,SHAWL,NA,NA,OLD AGE,,,,185,112,M186844,2013-11-29 12:08:00,2014-01-30 00:00:00
Winter Garments,Winterwear Mens,Jackets [WM],Casual,Centos India. (0037) : SC00020,H WMJ,CENTOS,CARGO,NA,F/S,OLD AGE,,,,2245,1282.5,M185510,2013-11-16 16:30:00,2013-11-18 00:00:00
Winter Garments,Winterwear Mens,Pullovers [WM],T Shirts,Valmond Knits. (6035) : SV00052,H WMP,MB,HOOD,NA,F FREE,OLD AGE,,,,295,175,M182899,2013-10-22 10:45:00,2014-01-29 00:00:00
Winter Garments,Winterwear Mens,Pullovers [WM],T Shirts,Valmond Knits. (6035) : SV00052,H WMP,MB,HOOD,NA,SL,OLD AGE,,,,495,290,M182902,2013-10-22 10:45:00,2013-10-24 00:00:00
Winter Garments,Winterwear Mens,Jackets [WM],Casual,Valmond Knits. (6035) : SV00052,H WMJ,MB,R NECK,NA,F FREE,OLD AGE,,,,675,394,M182904,2013-10-22 10:46:00,2013-10-24 00:00:00
Winter Garments,Winterwear Ladies,Sweaters [WL],Ethnic,Atam Woollen Mills Pvt Ltd (5169) : SA00104,H WLS,MB,CARDIGAN,NA,FREE,OLD AGE,,,,1150,669.75,M182905,2013-10-22 10:47:00,2013-10-22 00:00:00
Winter Garments,Winterwear Boys,Baba Suits [WB],Boys,Dolman Knitwear(61D-0026) : SD00039,H WBS,MB,,NA,"22-26""",OLD AGE,,,,410,303.8,M183653,2013-10-28 16:08:00,2013-12-30 00:00:00
Winter Garments,Winterwear Boys,Baba Suits [WB],Boys,Jain Creations(61J-0034) : SJ00052,H WBS,MB,,NA,"22-26""",OLD AGE,,,,395,242,M183657,2013-10-28 16:20:00,2013-10-29 00:00:00
Winter Garments,Winterwear Boys,Baba Suits [WB],Boys,Jain Creations(61J-0034) : SJ00052,H WBS,MB,,NA,"22-26""",OLD AGE,,,,395,238,M183659,2013-10-28 16:22:00,2014-02-14 00:00:00
Winter Garments,Winterwear Mens,Track Suits [WM],Sports,Tudor International. (5042) : ST00042,H WMT,MB,,NA,NA,OLD AGE,,,,975,607.2,M183664,2013-10-28 16:40:00,2013-11-06 00:00:00
Winter Garments,Winterwear Boys,Baba Suits [WB],Boys,H R Narrow Fabrics(61H-0009) : SS00152,H WBS,MB,,NA,"20""",OLD AGE,,,,210,124.5,M183675,2013-10-28 17:00:00,2013-10-29 00:00:00
Winter Garments,Winterwear Boys,Baba Suits [WB],Boys,H R Narrow Fabrics(61H-0009) : SS00152,H WBS,MB,,NA,"20""",OLD AGE,,,,325,195.05,M183679,2013-10-28 17:02:00,2013-12-30 00:00:00
Winter Garments,Winterwear Ladies,Winter Tops [WL],Western,Baazar Retail Limited(33B-0007) : SB00009,H WLT,TT,,NA,FREE,OLD AGE,,,,295,175,M183632,2013-10-28 15:31:00,2013-12-21 00:00:00
Winter Garments,Winterwear Ladies,Winter Tops [WL],Western,Baazar Retail Limited(33B-0007) : SB00009,H WLT,TT,,NA,FREE,OLD AGE,,,,645,438,M183634,2013-10-28 15:45:00,2013-12-30 00:00:00
Winter Garments,Winterwear Ladies,Sweaters [WL],Ethnic,Kuldip Oswal Hosiery Mills Pvt. Ltd. (5024) : SK00029,H WLS,BORGOFORTE,CARDIGAN,NA,F/S,OLD AGE,,,,1695,1010,M183636,2013-10-28 15:54:00,2013-12-30 00:00:00
Winter Garments,Winterwear Ladies,Sweaters [WL],Ethnic,Kuldip Oswal Hosiery Mills Pvt. Ltd. (5024) : SK00029,H WLS,BORGOFORTE,CARDIGAN,NA,F/S,OLD AGE,,,,1550,980,M183640,2013-10-28 15:55:00,2013-10-29 00:00:00
Winter Garments,Winterwear Ladies,Sweaters [WL],Ethnic,Kuldip Oswal Hosiery Mills Pvt. Ltd. (5024) : SK00029,H WLS,BORGOFORTE,CARDIGAN,NA,F/S,OLD AGE,,,,1395,850,M183642,2013-10-28 15:55:00,2014-01-15 00:00:00
Winter Garments,Winterwear Boys,Baba Suits [WB],Boys,Dolman Knitwear(61D-0026) : SD00039,H WBS,MB,,NA,"22-26""",OLD AGE,,,,260,191,M183651,2013-10-28 16:08:00,2014-01-29 00:00:00
Winter Garments,Winterwear Ladies,Sweaters [WL],Ethnic,Atam Woollen Mills Pvt Ltd (5169) : SA00104,H WLS,ATAM,CARDIGAN,NA,F/S,OLD AGE,,,,950,610,M184502,2013-11-07 12:33:00,2013-11-08 00:00:00
Winter Garments,Winterwear Ladies,Sweaters [WL],Ethnic,Atam Woollen Mills Pvt Ltd (5169) : SA00104,H WLS,ATAM,CARDIGAN,NA,F/S,OLD AGE,,,,995,650,M184504,2013-11-07 12:33:00,2013-12-30 00:00:00
Winter Garments,Winterwear Ladies,Sweaters [WL],Ethnic,Atam Woollen Mills Pvt Ltd (5169) : SA00104,H WLS,ATAM,CARDIGAN,NA,F/S,OLD AGE,,,,1350,865,M184508,2013-11-07 12:34:00,2013-11-08 00:00:00
Winter Garments,Winterwear Mens,Jackets [WM],Casual,Indra Hosiery Mills. (5147) : SI00013,H WMJ,MB,CARGO,NA,F FREE,OLD AGE,,,,1595,805.75,M184512,2013-11-07 12:51:00,2014-01-20 00:00:00
Winter Garments,Winterwear Mens,Jackets [WM],Casual,Indra Hosiery Mills. (5147) : SI00013,H WMJ,MB,CARGO,NA,F FREE,OLD AGE,,,,945,430,M184515,2013-11-07 12:53:00,2013-11-07 00:00:00
Winter Garments,Winterwear Mens,Jackets [WM],Casual,Indra Hosiery Mills. (5147) : SI00013,H WMJ,MB,CARGO,NA,F FREE,OLD AGE,,,,1525,761,M184519,2013-11-07 12:57:00,2014-01-30 00:00:00
Winter Garments,Winterwear Ladies,Shawl,Saree,Shree Niwas Textiles Private Limited. (0192) : SS00011,H WLL,KARAN,SHAWL,NA,NA,OLD AGE,,,,195,137,M184523,2013-11-07 14:22:00,2014-02-14 00:00:00
Winter Garments,Winterwear Mens,Jackets [WM],Casual,Star International. (0208) : SS00320,H WMJ,MB,,NA,F/S,OLD AGE,,,,795,420.75,M397401,2015-11-19 11:51:53,2015-11-19 00:00:00
Winter Garments,Winterwear Boys,Sweaters [WB],Boys,Yonex Wears(61Y-0008) : SY00010,H WBS,MB,,NA,"30-34""",OLD AGE,,,,675,400,M183133,2013-10-24 10:21:00,2013-10-25 00:00:00
Winter Garments,Winterwear Girls,Jackets [WG],Girls,J. S. Marjara Knitwears. (5146) : SJ00057,H WGJ,MB,,NA,"F 36""",OLD AGE,,,,895,520,M183140,2013-10-24 10:27:00,2013-12-09 00:00:00
Winter Garments,Winterwear Girls,Jackets [WG],Girls,J. S. Marjara Knitwears. (5146) : SJ00057,H WGJ,MB,,NA,"F 36""",OLD AGE,,,,950,560,M183143,2013-10-24 10:28:00,2013-12-09 00:00:00
Winter Garments,Winterwear Girls,Jackets [WG],Girls,J. S. Marjara Knitwears. (5146) : SJ00057,H WGJ,MB,,NA,"F 30-34""",OLD AGE,,,,950,560,M183145,2013-10-24 10:28:00,2013-12-09 00:00:00
Winter Garments,Winterwear Girls,Jackets [WG],Girls,J. S. Marjara Knitwears. (5146) : SJ00057,H WGJ,MB,,NA,"F 30-34""",OLD AGE,,,,1250,740,M183148,2013-10-24 10:29:00,2014-01-15 00:00:00
Winter Garments,Winterwear Ladies,Winter Tops [WL],Western,Baazar Retail Limited(33B-0007) : SB00009,H WLT,TT,,NA,FREE,OLD AGE,,,,595,472,M183156,2013-10-24 11:09:00,2013-10-24 00:00:00
Winter Garments,Winterwear Ladies,Winter Tops [WL],Western,Baazar Retail Limited(33B-0007) : SB00009,H WLT,TT,,NA,FREE,OLD AGE,,,,695,525,M183159,2013-10-24 11:12:00,2014-01-29 00:00:00
Winter Garments,Winterwear Ladies,Winter Tops [WL],Western,Baazar Retail Limited(33B-0007) : SB00009,H WLT,TT,,NA,FREE,OLD AGE,,,,425,289,M183161,2013-10-24 11:13:00,2014-02-22 00:00:00
Winter Garments,Winterwear Girls,Sweaters [WG],Girls,Usha Knit Fab. (5043) : SU00014,H WGS,KIDS CREW,,NA,"24-28""",OLD AGE,,,,925,540,M183165,2013-10-24 11:15:00,2014-02-22 00:00:00
Winter Garments,Winterwear Mens,Jackets [WM],Casual,Shree Niwas Textiles Private Limited. (0192) : SS00011,H WMJ,MB,,NA,F/S,OLD AGE,,,,1195,911,M187981,2013-12-17 16:08:00,2013-12-17 00:00:00
Winter Garments,Winterwear Mens,Jackets [WM],Casual,Shree Niwas Textiles Private Limited. (0192) : SS00011,H WMJ,MB,CARGO,NA,F/S,OLD AGE,,,,795,621,M187720,2013-12-12 11:47:00,2014-01-15 00:00:00
Winter Garments,Winterwear Ladies,Shawl,Saree,S. B. Jain Textile Mills. (7098)xxxx : SS00246,H WLL,SB,SHAWL,NA,NA,OLD AGE,,,,275,162.8,M182751,2013-10-19 14:27:00,2013-10-22 00:00:00
Winter Garments,Winterwear Mens,Sweaters [WM],Formal,Kuldip Oswal Hosiery Mills Pvt. Ltd. (5024) : SK00029,H WMS,MB,NA,NA,F/S,OLD AGE,,,,1545,880,M183704,2013-10-28 17:18:00,2013-10-29 00:00:00
Winter Garments,Winterwear Mens,Sweaters [WM],Formal,Kuldip Oswal Hosiery Mills Pvt. Ltd. (5024) : SK00029,H WMS,MB,ROUND NECK,NA,F/S,OLD AGE,,,,575,336,M183707,2013-10-28 17:19:00,2013-10-29 00:00:00
Winter Garments,Winterwear Girls,Sweaters [WG],Girls,Gold Medal Knitwears. (5090) : SG00055,H WGS,MB,,NA,"36""",OLD AGE,,,,695,399,M184696,2013-11-09 11:40:00,2013-11-09 00:00:00
Winter Garments,Winterwear Girls,Sweaters [WG],Girls,Gold Medal Knitwears. (5090) : SG00055,H WGS,MB,,NA,"36""",OLD AGE,,,,825,484.5,M184699,2013-11-09 11:41:00,2013-11-09 00:00:00
Winter Garments,Winterwear Boys,Baba Suits [WB],Boys,H R Narrow Fabrics(61H-0009) : SS00152,H WBS,MB,,NA,"18""",OLD AGE,,,,450,265.6,M183685,2013-10-28 17:03:00,2013-10-29 00:00:00
Winter Garments,Winterwear Mens,Sweaters [WM],Formal,Atam Woollen Mills Pvt Ltd (5169) : SA00104,H WMS,MB,V NECK,NA,H/S,OLD AGE,,,,675,375.25,M182365,2013-10-16 11:43:00,2013-12-30 00:00:00
Winter Garments,Winterwear Mens,Woolen Accessories,Acc 1,Maheswari Traders. (0115) : SM00075,H CAP,BORGOFORTE,MENS,NA,NA,OLD AGE,,,,99,55,M186436,2013-11-25 16:57:00,2013-11-26 00:00:00
Winter Garments,Winterwear Mens,Woolen Accessories,Acc 1,Satish Oswal Hosiery. (5088) : SS00318,H CAP,BORGOFORTE,MENS,NA,NA,OLD AGE,,,,125,72,M182533,2013-10-17 12:17:00,2013-10-21 00:00:00
Winter Garments,Winterwear Boys,Baba Suits [WB],Boys,Dua Kids. (5084) : SD00038,H WBS,DUA,,NA,"16""",OLD AGE,,,,210,127,M97340,2011-10-31 14:11:00,2014-01-29 00:00:00
Winter Garments,Winterwear Ladies,Shawl,Saree,S. B. Jain Textile Mills. (7098)xxxx : SS00246,H WLL,SB,SHAWL,NA,NA,OLD AGE,,,,625,385.44,M182756,2013-10-19 14:27:00,2013-10-22 00:00:00
Winter Garments,Winterwear Girls,Sweaters [WG],Girls,Yonex Wears(61Y-0008) : SY00010,H WGS,MB,,NA,"F 24-28""",OLD AGE,,,,650,395,M183396,2013-10-25 15:03:00,2013-10-25 00:00:00
Winter Garments,Winterwear Mens,Pullovers [WM],T Shirts,M. P. Jain Knitwears. (5057) : SM00086,H WMP,MB,HOOD,NA,F FREE,OLD AGE,,,,645,385,M185848,2013-11-20 11:03:00,2013-11-21 00:00:00
Winter Garments,Winterwear Boys,Baba Suits [WB],Boys,Dua Garments. (5014) : SD00016,H WBS,DUA,,NA,"16""",OLD AGE,,,,550,317.4,M182128,2013-10-09 11:00:00,2013-10-10 00:00:00
Winter Garments,Winterwear Ladies,Shawl,Saree,S. B. Jain Textile Mills. (7098)xxxx : SS00246,H WLL,SB,SHAWL,NA,NA,OLD AGE,,,,525,303.6,M187078,2013-12-02 15:22:00,2013-12-18 00:00:00
Winter Garments,Winterwear Ladies,Shawl,Saree,S. B. Jain Textile Mills. (7098)xxxx : SS00246,H WLL,SB,SHAWL,NA,NA,OLD AGE,,,,495,282,M187080,2013-12-02 15:22:00,2014-01-30 00:00:00
Winter Garments,Winterwear Ladies,Shawl,Saree,Krishna Enterprise(33K-0094) : SK00121,H WLL,MB,SHAWL,NA,NA,OLD AGE,,,,175,142,M187740,2013-12-12 15:32:00,2013-12-12 00:00:00
Winter Garments,Winterwear Ladies,Pullovers [WL],Western,Bhaskar Textile. (0029) : SB00004,H WLP,MB,HOOD,NA,F/S,OLD AGE,,,,325,177,M187751,2013-12-13 10:54:00,2014-03-13 00:00:00
Winter Garments,Winterwear Mens,Pullovers [WM],T Shirts,Bahu Bali Knitwears (Regd.) (5008) : SB00068,H WMP,MB,HOOD,NA,F FREE,OLD AGE,,,,595,355,M186269,2013-11-23 14:33:00,2013-11-23 00:00:00
Winter Garments,Winterwear Mens,Pullovers [WM],T Shirts,Bahu Bali Knitwears (Regd.) (5008) : SB00068,H WMP,MB,NA,NA,F FREE,OLD AGE,,,,725,425,M186272,2013-11-23 14:34:00,2013-11-23 00:00:00
Winter Garments,Winterwear Mens,Track Suits [WM],Sports,Okasa Knitwears. (5073) : SO00010,H WMT,OKASA,,NA,NA,OLD AGE,,,,975,607.5,M185164,2013-11-14 11:17:00,2013-12-04 00:00:00
Winter Garments,Winterwear Mens,Track Suits [WM],Sports,Star Apparels. (5039) : SS00157,H WMT,MB,PAYJAMA,NA,NA,OLD AGE,,,,425,261,M185166,2013-11-14 11:34:00,2014-02-22 00:00:00
Winter Garments,Winterwear Mens,Track Suits [WM],Sports,Shree Niwas Textiles Private Limited. (0192) : SS00011,H WMT,MB,,NA,NA,OLD AGE,,,,225,97,M171961,2013-08-10 14:27:00,2014-02-22 00:00:00
Winter Garments,Winterwear Mens,Sweaters [WM],Formal,Baazar Retail Limited(61B-0015) : SB00032,H WMS,MB,V NECK,NA,F/S,OLD AGE,,,,775,437.14,M18179,2010-01-13 12:27:00,2010-01-13 00:00:00
Winter Garments,Winterwear Mens,Jackets [WM],Casual,Ashoka Hosiery Pvt. Ltd. (5007) : SA00061,H WMJ,MB,CARGO,NA,F FREE,OLD AGE,,,,1495,855,M183446,2013-10-26 15:06:00,2014-01-20 00:00:00
Winter Garments,Winterwear Mens,Jackets [WM],Casual,Ashoka Hosiery Pvt. Ltd. (5007) : SA00061,H WMJ,MB,CARGO,NA,F FREE,OLD AGE,,,,1195,684,M183449,2013-10-26 15:07:00,2013-10-28 00:00:00
Winter Garments,Winterwear Mens,Jackets [WM],Casual,Ashoka Hosiery Pvt. Ltd. (5007) : SA00061,H WMJ,MB,CARGO,NA,S LESS,OLD AGE,,,,1075,617.5,M183451,2013-10-26 15:08:00,2013-12-30 00:00:00
Winter Garments,Winterwear Mens,Jackets [WM],Casual,Ashoka Hosiery Pvt. Ltd. (5007) : SA00061,H WMJ,MB,CARGO,NA,S LESS,OLD AGE,,,,995,570,M183454,2013-10-26 15:08:00,2013-12-30 00:00:00
Winter Garments,Winterwear Girls,Jackets [WG],Girls,Dua Garments. (5014) : SD00016,H WGJ,DUA,,NA,"F 24-28""",OLD AGE,,,,895,529,M183468,2013-10-26 15:43:00,2013-10-28 00:00:00
Winter Garments,Winterwear Girls,Jackets [WG],Girls,Dua Garments. (5014) : SD00016,H WGJ,DUA,,NA,"F 26-30""",OLD AGE,,,,825,492.2,M183470,2013-10-26 15:44:00,2013-10-28 00:00:00
Winter Garments,Winterwear Mens,Sweaters [WM],Formal,T K Samrat Hosiery Mills(61T-0045) : ST00074,H WMS,MB,NA,NA,F/S,OLD AGE,,,,825,469.2,M183479,2013-10-26 16:07:00,2013-10-30 00:00:00
Winter Garments,Winterwear Mens,Sweaters [WM],Formal,T K Samrat Hosiery Mills(61T-0045) : ST00074,H WMS,MB,NA,NA,F/S,OLD AGE,,,,845,487.6,M183483,2013-10-26 16:08:00,2013-10-30 00:00:00
Winter Garments,Winterwear Mens,Sweaters [WM],Formal,T K Samrat Hosiery Mills(61T-0045) : ST00074,H WMS,MB,NA,NA,F/S,OLD AGE,,,,1025,589,M183485,2013-10-26 16:09:00,2014-01-30 00:00:00
Winter Garments,Winterwear Mens,Sweaters [WM],Formal,T K Samrat Hosiery Mills(61T-0045) : ST00074,H WMS,MB,NA,NA,F/S,OLD AGE,,,,1225,699.2,M183487,2013-10-26 16:09:00,2013-10-28 00:00:00
Winter Garments,Winterwear Ladies,Winter Tops [WL],Western,Baazar Retail Limited(33B-0007) : SB00009,H WLT,TT,,NA,F/S,OLD AGE,,,,325,175,M183971,2013-10-30 10:29:00,2014-01-29 00:00:00
Winter Garments,Winterwear Mens,Jackets [WM],Casual,Shree Krishna Trading Co. (0270) : SS00189,H WMJ,MB,CARGO,NA,F FREE,OLD AGE,,,,945,585,M184794,2013-11-11 15:25:00,2013-12-30 00:00:00
Winter Garments,Winterwear Mens,Jackets [WM],Casual,Shree Krishna Trading Co. (0270) : SS00189,H WMJ,MB,CARGO,NA,F FREE,OLD AGE,,,,495,282,M184801,2013-11-11 15:26:00,2013-11-12 00:00:00
Winter Garments,Winterwear Mens,Jackets [WM],Casual,Shree Krishna Trading Co. (0270) : SS00189,H WMJ,MB,CARGO,NA,F FREE,OLD AGE,,,,1195,665,M184803,2013-11-11 15:27:00,2013-12-17 00:00:00
Winter Garments,Winterwear Mens,Pullovers [WM],T Shirts,Sri Vaigai Garments. (6032) : SS00267,H WMP,MB,HOOD,NA,F FREE,OLD AGE,,,,845,489,M182307,2013-10-11 09:28:00,2014-01-29 00:00:00
Winter Garments,Winterwear Boys,Sweaters [WB],Boys,Yonex Wears(61Y-0008) : SY00010,H WBS,MB,,NA,"30-34""",OLD AGE,,,,525,315,M183131,2013-10-24 10:20:00,2013-10-24 00:00:00
Winter Garments,Winterwear Mens,Jackets [WM],Casual,Khairat Ahmed(33K-0030) : SK00052,H WMJ,MB,RACE,NA,F FREE,OLD AGE,,,,745,445.5,M185201,2013-11-14 15:00:00,2013-11-15 00:00:00
Winter Garments,Winterwear Mens,Jackets [WM],Casual,Khairat Ahmed(33K-0030) : SK00052,H WMJ,MB,NA,NA,F FREE,OLD AGE,,,,595,351,M185204,2013-11-14 15:02:00,2014-01-15 00:00:00
Winter Garments,Winterwear Mens,Woolen Accessories,Acc 1,Poddar Enterprises. (0139) : SP00059,H MFFLR,OSWAL,MENS,NA,NA,OLD AGE,,,,145,82,M185433,2013-11-16 12:02:00,2013-11-19 00:00:00
Winter Garments,Winterwear Ladies,Shawl,Saree,S. B. Jain Textile Mills. (7098)xxxx : SS00246,H WLL,SB,SHAWL,NA,NA,OLD AGE,,,,595,362,M184169,2013-11-01 11:36:00,2014-01-30 00:00:00
Winter Garments,Winterwear Ladies,Pullovers [WL],Western,Vijay Vallabh Knitting Works. (5089) : SV00037,H WLP,MISS 15,HOOD,NA,F/S,OLD AGE,,,,850,485,M185020,2013-11-13 12:43:00,2013-11-13 00:00:00
Winter Garments,Winterwear Ladies,Pullovers [WL],Western,Vijay Vallabh Knitting Works. (5089) : SV00037,H WLP,MISS 15,HOOD,NA,F/S,OLD AGE,,,,750,440,M185023,2013-11-13 12:44:00,2013-11-13 00:00:00
Winter Garments,Winterwear Mens,Jackets [WM],Casual,S. N. S. Garments. (3191) : SS00321,H WMJ,MB,CARGO,NA,F FREE,OLD AGE,,,,1495,850,M185025,2013-11-13 12:55:00,2013-12-17 00:00:00
Winter Garments,Winterwear Girls,Payjama [WG],Girls,Fashion Creation. (Sandwich) (0054) : SF00030,H WGPY,SANDWICH,,NA,NA,OLD AGE,,,,70,38,M185032,2013-11-13 13:13:00,2014-11-25 00:00:00
Winter Garments,Winterwear Girls,Girls Sets [WG],Girls,Dudheria Apparels Pvt. Ltd. (0049) : SD00056,H WGCP,AMY,HOOD,NA,NA,OLD AGE,,,,199,123,M185034,2013-11-13 14:35:00,2014-02-22 00:00:00
Winter Garments,Winterwear Mens,Pullovers [WM],T Shirts,Kuldip Oswal Hosiery Mills Pvt. Ltd. (5024) : SK00029,H WMP,MB,R NECK,NA,SL,OLD AGE,,,,1175,680.4,M183493,2013-10-28 09:35:00,2013-10-28 00:00:00
Winter Garments,Winterwear Mens,Pullovers [WM],T Shirts,Kuldip Oswal Hosiery Mills Pvt. Ltd. (5024) : SK00029,H WMP,MB,NA,NA,F FREE,OLD AGE,,,,975,576,M183496,2013-10-28 09:36:00,2013-11-16 00:00:00
Winter Garments,Winterwear Mens,Pullovers [WM],T Shirts,Bahu Bali Knitwears (Regd.) (5008) : SB00068,H WMP,MB,HOOD,NA,F FREE,OLD AGE,,,,695,400,M184527,2013-11-07 14:45:00,2013-11-07 00:00:00
Winter Garments,Winterwear Mens,Jackets [WM],Casual,Shree Krishna Trading Co. (0270) : SS00189,H WMJ,MB,CARGO,NA,F FREE,OLD AGE,,,,1575,895,M183510,2013-10-28 11:10:00,2014-01-29 00:00:00
Winter Garments,Winterwear Mens,Jackets [WM],Casual,Shree Krishna Trading Co. (0270) : SS00189,H WMJ,MB,CARGO,NA,F FREE,OLD AGE,,,,1625,935,M183512,2013-10-28 11:11:00,2013-10-28 00:00:00
Winter Garments,Winterwear Mens,Sweaters [WM],Formal,Jorden -4U. (5097) : SJ00087,H WMS,MB,V NECK,NA,F/S,OLD AGE,,,,795,455,M183996,2013-10-30 11:41:00,2013-10-31 00:00:00
Winter Garments,Winterwear Mens,Sweaters [WM],Formal,Jorden -4U. (5097) : SJ00087,H WMS,MB,ROUND NECK,NA,F/S,OLD AGE,,,,645,375,M183999,2013-10-30 11:42:00,2013-10-31 00:00:00
Winter Garments,Winterwear Mens,Sweaters [WM],Formal,Jorden -4U. (5097) : SJ00087,H WMS,MB,V NECK,NA,H/S,OLD AGE,,,,475,270,M184002,2013-10-30 11:42:00,2013-10-31 00:00:00
Winter Garments,Winterwear Mens,Sweaters [WM],Formal,Jorden -4U. (5097) : SJ00087,H WMS,MB,COLLAR,NA,F/S,OLD AGE,,,,845,480,M184003,2013-10-30 11:43:00,2013-10-31 00:00:00
Winter Garments,Winterwear Mens,Sweaters [WM],Formal,Jorden -4U. (5097) : SJ00087,H WMS,MB,NA,NA,H/S,OLD AGE,,,,625,365,M184005,2013-10-30 11:44:00,2013-12-06 00:00:00
Winter Garments,Winterwear Mens,Jackets [WM],Casual,Shree Krishna Trading Co. (0270) : SS00189,H WMJ,MB,CARGO,NA,F FREE,OLD AGE,,,,795,494,M184804,2013-11-11 15:27:00,2014-01-15 00:00:00
Winter Garments,Winterwear Mens,Jackets [WM],Casual,Shree Krishna Trading Co. (0270) : SS00189,H WMJ,MB,CARGO,NA,H FREE,OLD AGE,,,,845,520,M184806,2013-11-11 15:27:00,2013-11-12 00:00:00
Winter Garments,Winterwear Mens,Jackets [WM],Casual,Shree Krishna Trading Co. (0270) : SS00189,H WMJ,MB,CARGO,NA,H FREE,OLD AGE,,,,1095,676,M184808,2013-11-11 15:28:00,2013-12-30 00:00:00
Winter Garments,Winterwear Mens,Jackets [WM],Casual,Shree Krishna Trading Co. (0270) : SS00189,H WMJ,MB,CARGO,NA,F FREE,OLD AGE,,,,1195,748,M184811,2013-11-11 15:30:00,2013-12-30 00:00:00
Winter Garments,Winterwear Mens,Woolen Accessories,Acc 1,Renu Hosiery Factory(61R-0039) : SS00154,H CAP,MB,MENS,NA,NA,OLD AGE,,,,59,38.72,M184813,2013-11-11 15:36:00,2013-11-13 00:00:00
Winter Garments,Winterwear Mens,Woolen Accessories,Acc 1,Renu Hosiery Factory(61R-0039) : SS00154,H CAP,MB,MENS,NA,NA,OLD AGE,,,,95,58.08,M184817,2013-11-11 15:36:00,2014-01-20 00:00:00
Winter Garments,Winterwear Mens,Woolen Accessories,Acc 1,Renu Hosiery Factory(61R-0039) : SS00154,H MFFLR,MB,MENS,NA,NA,OLD AGE,,,,99,60,M184818,2013-11-11 15:37:00,2014-01-20 00:00:00
Winter Garments,Winterwear Ladies,Sweaters [WL],Ethnic,Munshi Ram Hosiery(61M-0061) : SM00096,H WLS,MB,CARDIGAN,NA,F/S,OLD AGE,,,,695,425,M185395,2013-11-16 10:47:00,2014-02-22 00:00:00
Winter Garments,Winterwear Mens,Pullovers [WM],T Shirts,Amarson International Pvt. Ltd. (5005) : SA00128,H WMP,MB,HOOD,NA,F FREE,OLD AGE,,,,775,450,M185399,2013-11-16 11:18:00,2013-11-16 00:00:00
Winter Garments,Winterwear Boys,Pullovers [WB],Boys,Sri Ram Dev Industries. (5038) : SS00130,H WBP,ACCEPT,,NA,"30-34""",OLD AGE,,,,495,286,M185403,2013-11-16 11:26:00,2014-01-15 00:00:00
Winter Garments,Winterwear Boys,Pullovers [WB],Boys,Sri Ram Dev Industries. (5038) : SS00130,H WBP,ACCEPT,,NA,"18-22""",OLD AGE,,,,550,316.8,M185406,2013-11-16 11:27:00,2013-11-18 00:00:00
Winter Garments,Winterwear Ladies,Winter Tops [WL],Western,Poddar Enterprises. (0139) : SP00059,H WLT,MB,,NA,F/S,OLD AGE,,,,595,380,M339433,2014-11-10 10:05:26,2014-11-10 00:00:00
Winter Garments,Winterwear Mens,Pullovers [WM],T Shirts,G D Knitwears(61G-0046) : SG00066,H WMP,MB,H NECK,NA,F FREE,OLD AGE,,,,195,117.299,M333033,2014-09-15 12:07:14,2014-09-30 00:00:00
Winter Garments,Winterwear Ladies,Winter Tops [WL],Western,Poddar Enterprises. (0139) : SP00059,H WLT,MB,,NA,F/S,OLD AGE,,,,395,260,M339436,2014-11-10 10:07:59,2014-11-10 00:00:00
Winter Garments,Winterwear Ladies,Winter Tops [WL],Western,Poddar Enterprises. (0139) : SP00059,H WLT,MB,,NA,S/L,OLD AGE,,,,395,240,M339439,2014-11-10 10:09:50,2014-11-10 00:00:00
Winter Garments,Winterwear Mens,Woolen Accessories,Acc 1,Kuldip Oswal Hosiery Mills Pvt. Ltd. (5024) : SK00029,H CAP,BORGOFORTE,MENS,NA,NA,OLD AGE,,,,99,53.292,M339441,2014-11-10 10:19:28,2014-11-11 00:00:00
Winter Garments,Winterwear Mens,Woolen Accessories,Acc 1,Kuldip Oswal Hosiery Mills Pvt. Ltd. (5024) : SK00029,H CAP,BORGOFORTE,MENS,NA,NA,OLD AGE,,,,110,61.018,M339444,2014-11-10 10:20:12,2014-11-11 00:00:00
Winter Garments,Winterwear Mens,Woolen Accessories,Acc 1,Kuldip Oswal Hosiery Mills Pvt. Ltd. (5024) : SK00029,H CAP,BORGOFORTE,MENS,NA,NA,OLD AGE,,,,99,52.321,M339446,2014-11-10 10:21:48,2014-11-11 00:00:00
Winter Garments,Winterwear Ladies,Winter Tops [WL],Western,Poddar Enterprises. (0139) : SP00059,H WLT,MB,,NA,NA,OLD AGE,,,,695,400,M339453,2014-11-10 10:36:06,2014-11-10 00:00:00
Winter Garments,Winterwear Mens,Jackets [WM],Casual,Poddar Enterprises. (0139) : SP00059,H WMJ,SPEED,,NA,F/S,OLD AGE,,,,695,360,M339455,2014-11-10 10:53:54,2014-11-10 00:00:00
Winter Garments,Winterwear Mens,Jackets [WM],Casual,Poddar Enterprises. (0139) : SP00059,H WMJ,SPEED,,NA,F/S,OLD AGE,,,,850,465,M339458,2014-11-10 10:54:24,2014-11-10 00:00:00
Winter Garments,Winterwear Mens,Jackets [WM],Casual,Poddar Enterprises. (0139) : SP00059,H WMJ,SPEED,,NA,F/S,OLD AGE,,,,995,580,M339461,2014-11-10 10:54:40,2014-11-10 00:00:00
Winter Garments,Winterwear Mens,Sweaters [WM],Formal,Bhola Hosiery. (5129) : SB00128,H WMS,MB,V NECK,NA,F/S,OLD AGE,,,,725,402.889,M340291,2014-11-15 09:55:51,2014-11-17 00:00:00
Winter Garments,Winterwear Mens,Sweaters [WM],Formal,Bhola Hosiery. (5129) : SB00128,H WMS,MB,V NECK,NA,F/S,OLD AGE,,,,795,448.806,M340293,2014-11-15 09:56:46,2014-11-17 00:00:00
Winter Garments,Winterwear Mens,Blankets,Acc 2,Sagar Sangam Textile Pvt. Ltd. (0304) : SS00384,H MBC,SS,,NA,BIG,OLD AGE,,,,595,360,M330179,2014-09-02 10:39:12,2014-09-02 00:00:00
Winter Garments,Winterwear Boys,Baba Suits [WB],Boys,Henry Kids. (0074) : SH00083,H WBBS,MB,,NA,"16-20""",OLD AGE,,,,199,127,M465662,2016-11-22 11:18:48,2016-11-24 00:00:00
Winter Garments,Winterwear Mens,Sweaters [WM],Formal,Bhola Hosiery. (5129) : SB00128,H WMS,MB,V NECK,NA,F/S,OLD AGE,,,,795,464.1,M340283,2014-11-15 09:54:07,2014-11-17 00:00:00
Winter Garments,Winterwear Mens,Sweaters [WM],Formal,Bhola Hosiery. (5129) : SB00128,H WMS,MB,V NECK,NA,F/S,OLD AGE,,,,625,346.81,M340285,2014-11-15 09:54:30,2014-11-17 00:00:00
Winter Garments,Winterwear Mens,Sweaters [WM],Formal,Bhola Hosiery. (5129) : SB00128,H WMS,MB,V NECK,NA,F/S,OLD AGE,,,,660,372.296,M340288,2014-11-15 09:55:23,2014-11-17 00:00:00
Winter Garments,Winterwear Mens,Sweaters [WM],Formal,Bhola Hosiery. (5129) : SB00128,H WMS,MB,V NECK,NA,F/S,OLD AGE,,,,660,362.083,M340296,2014-11-15 09:58:05,2014-11-17 00:00:00
Winter Garments,Winterwear Girls,Jackets [WG],Girls,Indra Hosiery Mills. (5147) : SI00013,H WGJ,MB,,NA,F/S,OLD AGE,,,,1250,600.75,M340299,2014-11-15 10:03:54,2014-11-15 00:00:00
Winter Garments,Winterwear Girls,Jackets [WG],Girls,Indra Hosiery Mills. (5147) : SI00013,H WGJ,MB,,NA,F/S,OLD AGE,,,,1050,600.528,M340301,2014-11-15 10:04:18,2014-11-15 00:00:00
Winter Garments,Winterwear Girls,Jackets [WG],Girls,Indra Hosiery Mills. (5147) : SI00013,H WGJ,MB,,NA,F/S,OLD AGE,,,,995,600.528,M340304,2014-11-15 10:04:57,2014-11-15 00:00:00
Winter Garments,Winterwear Girls,Jackets [WG],Girls,Indra Hosiery Mills. (5147) : SI00013,H WGJ,MB,,NA,F/S,OLD AGE,,,,1095,600.536,M340307,2014-11-15 10:05:36,2014-11-15 00:00:00
Winter Garments,Winterwear Girls,Jackets [WG],Girls,Indra Hosiery Mills. (5147) : SI00013,H WGJ,MB,,NA,F/S,OLD AGE,,,,1095,600.75,M340309,2014-11-15 10:05:59,2014-11-15 00:00:00
Winter Garments,Winterwear Girls,Jackets [WG],Girls,Indra Hosiery Mills. (5147) : SI00013,H WGJ,MB,,NA,F/S,OLD AGE,,,,925,600.75,M340312,2014-11-15 10:07:07,2014-11-15 00:00:00
Winter Garments,Winterwear Girls,Jackets [WG],Girls,Indra Hosiery Mills. (5147) : SI00013,H WGJ,MB,,NA,F/S,OLD AGE,,,,1150,600.5,M340315,2014-11-15 10:07:42,2014-11-15 00:00:00
Winter Garments,Winterwear Girls,Jackets [WG],Girls,Indra Hosiery Mills. (5147) : SI00013,H WGJ,MB,,NA,F/S,OLD AGE,,,,795,600.75,M340321,2014-11-15 10:09:47,2014-11-15 00:00:00
Winter Garments,Winterwear Girls,Jackets [WG],Girls,Indra Hosiery Mills. (5147) : SI00013,H WGJ,MB,,NA,F/S,OLD AGE,,,,995,600.583,M340329,2014-11-15 11:05:54,2014-11-15 00:00:00
Winter Garments,Winterwear Girls,Jackets [WG],Girls,Indra Hosiery Mills. (5147) : SI00013,H WGJ,MB,,NA,F/S,OLD AGE,,,,1295,600.25,M340332,2014-11-15 11:07:20,2014-11-15 00:00:00
Winter Garments,Winterwear Ladies,Sweaters [WL],Ethnic,Atam Woollen Mills Pvt Ltd (5169) : SA00104,H WLS,ATAM,CARDIGAN,NA,F/S,OLD AGE,,,,575,339.5,M340335,2014-11-15 11:27:11,2014-11-17 00:00:00
Winter Garments,Winterwear Girls,Sweaters [WG],Girls,Yonex Wears(61Y-0008) : SY00010,H WGS,MB,,NA,NA,OLD AGE,,,,695,426.487,M341034,2014-11-20 16:16:57,2014-11-20 00:00:00
Winter Garments,Winterwear Mens,Track Suits [WM],Sports,Roshan Sports Wear. (5087)xxxxxx : SR00102,H WMT,ROSHAN,PAYJAMA,NA,NA,OLD AGE,,,,325,188.7,M341035,2014-11-20 16:17:29,2014-11-21 00:00:00
Winter Garments,Winterwear Boys,Pullovers [WB],Boys,Vineet International. (5072)xxxx : SV00043,H WBP,SPARK,,NA,"24-28""",OLD AGE,,,,650,368.222,M341038,2014-11-20 16:28:50,2014-11-21 00:00:00
Winter Garments,Winterwear Boys,Pullovers [WB],Boys,Vineet International. (5072)xxxx : SV00043,H WBP,SPARK,,NA,"24-28""",OLD AGE,,,,675,385.556,M341041,2014-11-20 16:29:33,2014-11-21 00:00:00
Winter Garments,Winterwear Boys,Pullovers [WB],Boys,Vineet International. (5072)xxxx : SV00043,H WBP,SPARK,,NA,"24-28""",OLD AGE,,,,650,381.5,M341044,2014-11-20 16:29:54,2014-11-28 00:00:00
Winter Garments,Winterwear Boys,Pullovers [WB],Boys,Vineet International. (5072)xxxx : SV00043,H WBP,SPARK,,NA,"30-34""",OLD AGE,,,,695,420.5,M341047,2014-11-20 16:33:47,2014-11-21 00:00:00
Winter Garments,Winterwear Boys,Pullovers [WB],Boys,Vineet International. (5072)xxxx : SV00043,H WBP,SPARK,,NA,"30-34""",OLD AGE,,,,650,390.111,M341051,2014-11-20 16:34:38,2014-11-21 00:00:00
Winter Garments,Winterwear Mens,Jackets [WM],Casual,Vijayanand Hosiery Factory. (5091)XX : SV00025,H WMJ,MB,,NA,NA,OLD AGE,,,,1995,1173,M341080,2014-11-20 17:15:43,2014-11-20 00:00:00
Winter Garments,Winterwear Boys,Baba Suits [WB],Boys,H R Narrow Fabrics(61H-0009) : SS00152,H WBB,MB,,NA,"22-26""",OLD AGE,,,,375,229.75,M341083,2014-11-20 17:24:54,2014-11-20 00:00:00
Winter Garments,Winterwear Boys,Baba Suits [WB],Boys,H R Narrow Fabrics(61H-0009) : SS00152,H WBB,MB,,NA,"22-26""",OLD AGE,,,,525,320.833,M341085,2014-11-20 17:25:19,2014-11-20 00:00:00
Winter Garments,Winterwear Ladies,Pullovers [WL],Western,Hema Creations. (0073) : SH00030,H WLP,SILKY,HOOD,NA,F/S,OLD AGE,,,,325,195,M341143,2014-11-21 11:52:19,2014-11-21 00:00:00
Winter Garments,Winterwear Boys,Pullovers [WB],Boys,Puja International. (5064) : SP00014,H WBP,HX69,,NA,"32-36""",OLD AGE,,,,450,256.628,M338691,2014-11-05 17:35:39,2014-11-06 00:00:00
Winter Garments,Winterwear Boys,Pullovers [WB],Boys,Puja International. (5064) : SP00014,H WBP,HX69,,NA,"20-24""",OLD AGE,,,,475,265.322,M338693,2014-11-05 17:35:58,2014-11-06 00:00:00
Winter Garments,Winterwear Boys,Pullovers [WB],Boys,Puja International. (5064) : SP00014,H WBP,HX69,,NA,"32-36""",OLD AGE,,,,495,273.989,M338696,2014-11-05 17:36:29,2014-11-06 00:00:00
Winter Garments,Winterwear Boys,Pullovers [WB],Boys,Puja International. (5064) : SP00014,H WBP,HX69,,NA,"20-24""",OLD AGE,,,,525,291.322,M338699,2014-11-05 17:36:59,2014-11-06 00:00:00
Winter Garments,Winterwear Boys,Pullovers [WB],Boys,Puja International. (5064) : SP00014,H WBP,HX69,,NA,"20-24""",OLD AGE,,,,525,296.533,M338702,2014-11-05 17:37:28,2014-11-06 00:00:00
Winter Garments,Winterwear Mens,Pullovers [WM],T Shirts,Kartar Fashions(21K-0055) : SK00079,H WMP,MB,HOOD,NA,F FREE,OLD AGE,,,,845,468,M338570,2014-11-04 15:18:20,2014-11-07 00:00:00
Winter Garments,Winterwear Mens,Pullovers [WM],T Shirts,Kartar Fashions(21K-0055) : SK00079,H WMP,MB,HOOD,NA,F FREE,OLD AGE,,,,895,514,M338573,2014-11-04 15:18:43,2014-11-07 00:00:00
Winter Garments,Winterwear Mens,Pullovers [WM],T Shirts,Kartar Fashions(21K-0055) : SK00079,H WMP,MB,HOOD,NA,F FREE,OLD AGE,,,,895,505,M338576,2014-11-04 15:19:03,2014-11-07 00:00:00
Winter Garments,Winterwear Mens,Pullovers [WM],T Shirts,Kartar Fashions(21K-0055) : SK00079,H WMP,MB,HOOD,NA,F FREE,OLD AGE,,,,795,435,M338580,2014-11-04 15:19:34,2014-11-07 00:00:00
Winter Garments,Winterwear Mens,Pullovers [WM],T Shirts,Midas Knits (P) Ltd. (5028) : SM00106,H WMP,MB,HOOD,NA,F FREE,OLD AGE,,,,745,408.2,M338598,2014-11-04 16:26:22,2014-11-07 00:00:00
Winter Garments,Winterwear Mens,Pullovers [WM],T Shirts,Midas Knits (P) Ltd. (5028) : SM00106,H WMP,MB,HOOD,NA,F FREE,OLD AGE,,,,945,527.847,M338601,2014-11-04 16:27:09,2014-11-07 00:00:00
Winter Garments,Winterwear Mens,Pullovers [WM],T Shirts,Midas Knits (P) Ltd. (5028) : SM00106,H WMP,MB,HOOD,NA,F FREE,OLD AGE,,,,845,454.41,M338603,2014-11-04 16:27:24,2014-11-07 00:00:00
Winter Garments,Winterwear Boys,Jackets [WB],Boys,Dua Garments. (5014) : SD00016,H WBJ,DUA,,NA,"32-36""",OLD AGE,,,,850,473.933,M338611,2014-11-04 16:59:30,2014-12-01 00:00:00
Winter Garments,Winterwear Mens,Track Suits [WM],Sports,Okasa Knitwears. (5073) : SO00010,H WMT,OKASA,,NA,NA,OLD AGE,,,,1150,647.167,M338620,2014-11-05 11:51:47,2014-11-05 00:00:00
Winter Garments,Winterwear Mens,Track Suits [WM],Sports,Okasa Knitwears. (5073) : SO00010,H WMT,OKASA,,NA,NA,OLD AGE,,,,1225,697.667,M338622,2014-11-05 11:52:01,2014-11-05 00:00:00
Winter Garments,Winterwear Boys,Pullovers [WB],Boys,Puja International. (5064) : SP00014,H WBP,HX69,,NA,"32-36""",OLD AGE,,,,395,218.478,M338685,2014-11-05 17:34:38,2014-11-06 00:00:00
Winter Garments,Winterwear Boys,Pullovers [WB],Boys,Puja International. (5064) : SP00014,H WBP,HX69,,NA,"20-24""",OLD AGE,,,,450,247.989,M338688,2014-11-05 17:35:06,2014-11-06 00:00:00
Winter Garments,Winterwear Mens,Woolen Accessories,Acc 1,Kuldip Oswal Hosiery Mills Pvt. Ltd. (5024) : SK00029,H CAP,BORGOFORTE,MENS,NA,NA,OLD AGE,,,,99,57.175,M339449,2014-11-10 10:22:45,2014-11-11 00:00:00
Winter Garments,Winterwear Boys,Pullovers [WB],Boys,Puja International. (5064) : SP00014,H WBP,HX69,,NA,"32-36""",OLD AGE,,,,550,305.2,M338704,2014-11-05 17:37:45,2014-11-06 00:00:00
Winter Garments,Winterwear Boys,Pullovers [WB],Boys,Puja International. (5064) : SP00014,H WBP,HX69,,NA,"20-24""",OLD AGE,,,,550,319.05,M338707,2014-11-05 17:38:19,2014-11-06 00:00:00
Winter Garments,Winterwear Boys,Pullovers [WB],Boys,Puja International. (5064) : SP00014,H WBP,HX69,,NA,"32-36""",OLD AGE,,,,650,371.067,M338713,2014-11-05 17:39:17,2014-11-06 00:00:00
Winter Garments,Winterwear Mens,Jackets [WM],Casual,Vijayanand Hosiery Factory. (5091)XX : SV00025,H WMJ,MB,FANCY,NA,F/S,OLD AGE,,,,1195,683.4,M465020,2016-11-15 12:30:27,2016-11-15 00:00:00
Winter Garments,Winterwear Ladies,Pullovers [WL],Western,Vijay Vallabh Knitting Works. (5089) : SV00037,H WLP,MISS 15,HOOD,NA,F/S,OLD AGE,,,,595,355,M187193,2013-12-05 11:06:00,2013-12-05 00:00:00
Winter Garments,Winterwear Mens,Blankets,Acc 2,Baazar Retail Limited. (JHARKHAND) : SB00161,H WMK,MB,FLORID,NA,DOUBLE,OLD AGE,,,,1895,1039.16,W948261,2016-01-29 18:21:15,2016-02-01 00:00:00
Winter Garments,Winterwear Mens,Blankets,Acc 2,Baazar Retail Limited. (UP) : SB00157,H WMK,MT,IGLOO JASMINE,NA,DOUBLE,OLD AGE,,,,3595,1800,W944453,2016-01-29 18:21:15,2016-02-06 00:00:00
Winter Garments,Winterwear Mens,Blankets,Acc 2,Baazar Retail Limited(33B-0007) : SB00009,H WMK,MB,HONESTY,NA,DOUBLE,OLD AGE,,,,1545,859.88,W948272,2016-01-29 18:21:15,
Winter Garments,Winterwear Mens,Blankets,Acc 2,Baazar Retail Limited(33B-0007) : SB00009,H WMK,MT,NA,NA,DOUBLE,OLD AGE,,,,3495,1790,W944455,2016-01-29 18:21:15,
Winter Garments,Winterwear Mens,Blankets,Acc 2,Baazar Retail Limited(33B-0007) : SB00009,H WMK,MT,NA,NA,SINGLE,OLD AGE,,,,1075,515,W944519,2016-01-29 18:21:15,
Winter Garments,Winterwear Mens,Blankets,Acc 2,Baazar Retail Limited. (BIHAR) : SB00160,H WMK,MB,TULIP,NA,DOUBLE,OLD AGE,,,,2295,1217.61,W948274,2016-01-29 18:21:15,2016-02-02 00:00:00
Winter Garments,Winterwear Mens,Blankets,Acc 2,Baazar Retail Limited. (Odisha) : SB00156,H WMK,MB,PENGUIN,NA,SINGLE,OLD AGE,,,,1295,705.5,W948270,2016-01-29 18:21:15,2016-02-01 00:00:00
Winter Garments,Winterwear Mens,Blankets,Acc 2,Baazar Retail Limited(33B-0007) : SB00009,H WMK,MT,SWISS BERRY,NA,DOUBLE,OLD AGE,,,,1395,670,W954707,2016-01-29 18:21:15,2016-02-01 00:00:00
Winter Garments,Winterwear Mens,Blankets,Acc 2,Baazar Retail Limited(33B-0007) : SB00009,H WMK,MB,NA,NA,NA,OLD AGE,,,,595,300,W943545,2016-01-29 18:21:15,
Winter Garments,Winterwear Mens,Blankets,Acc 2,Baazar Retail Limited(33B-0007) : SB00009,H WMK,MB,HANA,NA,DOUBLE,OLD AGE,,,,2495,1344.6,W948273,2016-01-29 18:21:15,
Winter Garments,Winterwear Mens,Blankets,Acc 2,Baazar Retail Limited. (BIHAR) : SB00160,H WMK,MT,IGLOO JASMINE,NA,DOUBLE,OLD AGE,,,,2450,1325,W944727,2016-01-29 18:21:15,2016-02-02 00:00:00
Winter Garments,Winterwear Mens,Blankets,Acc 2,Baazar Retail Limited(33B-0007) : SB00009,H WMK,MB,NA,NA,DOUBLE,OLD AGE,,,,1545,820,W948589,2016-01-29 18:21:15,
Winter Garments,Winterwear Mens,Blankets,Acc 2,Baazar Retail Limited. (JHARKHAND) : SB00161,H WMK,MB,BABY TRENDY,NA,MEDIUM,OLD AGE,,,,575,310,W945499,2016-01-29 18:21:15,2016-02-01 00:00:00
Winter Garments,Winterwear Mens,Blankets,Acc 2,Baazar Retail Limited(33B-0007) : SB00009,H WMK,MB,MAPPLE,NA,DOUBLE,OLD AGE,,,,1895,1050,W948722,2016-01-29 18:21:15,
Winter Garments,Winterwear Mens,Blankets,Acc 2,Baazar Retail Limited. (BIHAR) : SB00160,H WMK,MB,NA,NA,210*230,OLD AGE,,,,995,595,W948582,2016-01-29 18:21:15,2016-02-02 00:00:00
Winter Garments,Winterwear Mens,Blankets,Acc 2,Baazar Retail Limited. (UP) : SB00157,H WMK,MT,SWISS BERRY,NA,DOUBLE,OLD AGE,,,,1395,710,W944520,2016-01-29 18:21:15,2016-02-06 00:00:00
Winter Garments,Winterwear Mens,Blankets,Acc 2,Baazar Retail Limited. (UP) : SB00157,H WMK,MB,NA,NA,NA,OLD AGE,,,,110,64,W945506,2016-01-29 18:21:15,2016-02-06 00:00:00
Winter Garments,Winterwear Mens,Blankets,Acc 2,Baazar Retail Limited. (UP) : SB00157,H WMK,MT,NA,NA,DOUBLE,OLD AGE,,,,1650,850,W944521,2016-01-29 18:21:15,2016-02-06 00:00:00
Winter Garments,Winterwear Mens,Jackets [WM],Casual,,H WMJ,NORBU,FANCY,NA,F/S,OLD AGE,,,,675,380,M467513,2016-12-06 14:32:30,2016-12-06 00:00:00
Winter Garments,Winterwear Mens,Blankets,Acc 2,Baazar Retail Limited. (UP) : SB00157,H WMK,MB,BABY TRENDY,NA,SMALL,OLD AGE,,,,295,165,W945502,2016-01-29 18:21:15,2016-02-06 00:00:00
Winter Garments,Winterwear Mens,Blankets,Acc 2,Baazar Retail Limited. (UP) : SB00157,H WMK,MB,LOTUS,NA,DOUBLE,OLD AGE,,,,1195,650,W948720,2016-01-29 18:21:15,2016-02-06 00:00:00
Winter Garments,Winterwear Ladies,Pullovers [WL],Western,Converson : SC00008,H WLP,MB,,CONV,NA,AGE,,,,195,246.591,M467517,2016-12-06 14:51:44,2016-12-06 00:00:00
Winter Garments,Winterwear Boys,Baba Suits [WB],Boys,Converson : SC00008,H WBBS,MB,,NA,NA,AGE,,,,99,137.21,M467543,2016-12-06 16:10:51,2016-12-03 00:00:00
Winter Garments,Winterwear Boys,Pullovers [WB],Boys,Converson : SC00008,H WBP,MB,,NA,NA,AGE,,,,99,135.55,M467541,2016-12-06 16:06:56,2016-12-03 00:00:00
Winter Garments,Winterwear Mens,Blankets,Acc 2,Baazar Retail Limited(33B-0007) : SB00009,H WMK,MB,PENGUIN,NA,SINGLE,OLD AGE,,,,1295,670,W954201,2016-01-29 18:21:15,2016-02-01 00:00:00
Winter Garments,Winterwear Mens,Blankets,Acc 2,Baazar Retail Limited(33B-0007) : SB00009,H WMK,MB,NA,NA,DOUBLE,OLD AGE,,,,2895,1300,W955692,2016-01-29 18:21:15,
Winter Garments,Winterwear Mens,Blankets,Acc 2,Baazar Retail Limited. (JHARKHAND) : SB00161,H WMK,MB,NA,NA,MEDIUM,OLD AGE,,,,625,360,W945545,2016-01-29 18:21:15,2016-02-01 00:00:00
Winter Garments,Winterwear Mens,Blankets,Acc 2,Baazar Retail Limited. (UP) : SB00157,H WMK,MB,REVERSABLE,NA,NA,OLD AGE,,,,199,114,W945517,2016-01-29 18:21:15,2016-02-06 00:00:00
Winter Garments,Winterwear Mens,Blankets,Acc 2,Baazar Retail Limited. (JHARKHAND) : SB00161,H WMK,MB,WINTER GOLD,NA,DOUBLE,OLD AGE,,,,1695,956.99,W948262,2016-01-29 18:21:15,2016-02-01 00:00:00
Winter Garments,Winterwear Mens,Sweaters [WM],Formal,S R Trading(33S-0068) : SS00143,H WMS,MB,,NA,F/S,OLD AGE,,,,129,125,M60596,2011-01-15 17:16:00,2014-01-29 00:00:00
Winter Garments,Winterwear Mens,Woolen Accessories,Acc 1,Jiwan Dass & Grand Sons(33J-0007) : SJ00001,H CAP,JD,MENS,NA,FREE,OLD AGE,,,,99,61,M54150,2010-11-30 16:53:00,2010-11-30 00:00:00
Winter Garments,Winterwear Mens,Woolen Accessories,Acc 1,Renu Hosiery Factory(61R-0039) : SS00154,H CAP,MB,MENS,NA,FREE,OLD AGE,,,,99,50.266,M54207,2010-12-01 15:46:00,2013-01-07 00:00:00
Winter Garments,Winterwear Mens,Jackets [WM],Casual,Goyal Traders(33G-0031) : SG00051,H WMJ,OKANE,MIX,NA,F FREE,OLD AGE,,,,1795,1170,M87592,2011-08-21 11:41:00,2014-01-29 00:00:00
Winter Garments,Winterwear Boys,Baba Suits [WB],Boys,H R Narrow Fabrics(61H-0009) : SS00152,H WBS,MB,,NA,"18""",OLD AGE,,,,325,189.72,M99687,2011-11-14 11:44:00,2012-12-24 00:00:00
Winter Garments,Winterwear Mens,Pullovers [WM],T Shirts,Goyam Knitwears Pvt Ltd. (5102) : SG00045,H WMP,MB,HOOD,NA,F FREE,OLD AGE,,,,395,238.068,M95157,2011-10-10 14:03:00,2013-01-07 00:00:00
Winter Garments,Winterwear Mens,Jackets [WM],Casual,Kuldip Oswal Hosiery Mills Pvt. Ltd. (5024) : SK00029,H WMJ,BORGOFORTE,CARGO,NA,F FREE,OLD AGE,,,,1995,1664.64,M95294,2011-10-11 12:09:00,2011-10-12 00:00:00
Winter Garments,Winterwear Ladies,Pullovers [WL],Western,Converson : SC00008,H WLP,MB,,NA,NA,AGE,,,,195,270.57,M467572,2016-12-06 17:42:15,2016-12-06 00:00:00
Winter Garments,Winterwear Mens,Woolen Accessories,Acc 1,Satguru Traders. (7046) : SS00067,H CAP,MB,MENS,NA,NA,OLD AGE,,,,110,61,M95326,2011-10-11 16:23:00,2014-02-22 00:00:00
Winter Garments,Winterwear Mens,Woolen Accessories,Acc 1,Satguru Traders. (7046) : SS00067,H CAP,MB,MENS,NA,NA,OLD AGE,,,,45,27,M95330,2011-10-11 16:25:00,2014-03-05 00:00:00
Winter Garments,Winterwear Mens,Woolen Accessories,Acc 1,Satguru Traders. (7046) : SS00067,H CAP,MB,MENS,NA,NA,OLD AGE,,,,70,40.8,M95333,2011-10-11 16:29:00,2012-12-24 00:00:00
Winter Garments,Winterwear Ladies,Pullovers [WL],Western,Converson : SC00008,H WLP,MB,,NA,NA,AGE,,,,195,276.752,M467574,2016-12-06 17:44:10,2016-12-06 00:00:00
Winter Garments,Winterwear Boys,Pullovers [WB],Boys,Shree Niwas Textiles Private Limited. (0192) : SS00011,H WBP,MB,GIRLS,NA,"24-28""",OLD AGE,,,,199,125,M49963,2010-10-30 16:10:00,2013-01-03 00:00:00
Winter Garments,Winterwear Ladies,Sweaters [WL],Ethnic,Kuldip Oswal Hosiery Mills Pvt. Ltd. (5024) : SK00029,H WLS,BORGOFORTE,CARDIGAN,LT,F/S,OLD AGE,,,,1095,663,M380716,2015-08-13 15:21:18,2015-10-12 00:00:00
Winter Garments,Winterwear Ladies,Pullovers [WL],Western,Converson : SC00008,H WLP,MB,,NA,NA,AGE,,,,195,274.161,M467576,2016-12-06 17:45:56,2016-12-06 00:00:00
Winter Garments,Winterwear Ladies,Pullovers [WL],Western,Converson : SC00008,H WLP,MB,,NA,NA,AGE,,,,195,258.679,M467571,2016-12-06 17:40:15,2016-12-06 00:00:00
Winter Garments,Winterwear Mens,Jackets [WM],Casual,Indra Hosiery Mills. (5147) : SI00013,H WMJ,MB,HOOD,NA,F/S,OLD AGE,,,,1595,688.5,M380494,2015-08-12 15:16:48,2015-10-07 00:00:00
Winter Garments,Winterwear Mens,Jackets [WM],Casual,Indra Hosiery Mills. (5147) : SI00013,H WMJ,MB,HOOD,NA,F/S,OLD AGE,,,,1295,688.5,M380496,2015-08-12 15:16:58,2015-10-07 00:00:00
Winter Garments,Winterwear Mens,Jackets [WM],Casual,Indra Hosiery Mills. (5147) : SI00013,H WMJ,MB,HOOD,NA,F/S,OLD AGE,,,,1195,688.5,M380497,2015-08-12 15:17:05,2015-10-07 00:00:00
Winter Garments,Winterwear Mens,Jackets [WM],Casual,Indra Hosiery Mills. (5147) : SI00013,H WMJ,MB,HOOD,NA,F/S,OLD AGE,,,,1095,688.5,M380498,2015-08-12 15:17:13,2015-10-07 00:00:00
Winter Garments,Winterwear Boys,Sweaters [WB],Boys,Kamal Knitting Works (Regd.)xxxx (5107) : SK00075,H WBS,KKW,,NA,"36""",OLD AGE,,,,450,262.191,M99283,2011-11-11 16:12:00,2012-12-24 00:00:00
Winter Garments,Winterwear Ladies,Jackets [WL],Western,Shree Niwas Textiles Private Limited. (0192) : SS00011,H WLJ,SPEED,WIND CHEATER,NA,NA,OLD AGE,,,,295,208,M97123,2011-10-28 14:12:00,2013-05-11 00:00:00
Winter Garments,Winterwear Boys,Jackets [WB],Boys,Shree Niwas Textiles Private Limited. (0192) : SS00011,H WBJ,KARAN,,NA,NA,OLD AGE,,,,295,189,M97213,2011-10-29 10:58:00,2013-12-23 00:00:00
Winter Garments,Winterwear Boys,Baba Suits [WB],Boys,Adishwar Knitwears(61A-0057) : SA00105,H WBS,MB,,NA,"20-24""",OLD AGE,,,,295,184.648,M99475,2011-11-12 13:04:00,2012-12-24 00:00:00
Winter Garments,Winterwear Mens,Sweaters [WM],Formal,Jai Ganesh Knitwears. (5100) : SJ00053,H WMS,MB,NA,NA,F/S,OLD AGE,,,,825,510,M99530,2011-11-12 16:34:00,2013-01-07 00:00:00
Winter Garments,Winterwear Mens,Sweaters [WM],Formal,Atam Woollen Mills Pvt Ltd (5169) : SA00104,H WMS,MB,NA,NA,F/S,OLD AGE,,,,825,504.9,M99555,2011-11-12 17:39:00,2013-12-30 00:00:00
Winter Garments,Winterwear Mens,Jackets [WM],Casual,Vijayanand Hosiery Factory. (5091)XX : SV00025,H WMJ,MB,,NA,F FREE,OLD AGE,,,,545,300.9,M99567,2011-11-13 14:51:00,2012-12-18 00:00:00
Winter Garments,Winterwear Girls,Girls Sets [WG],Girls,Jain Creations(61J-0034) : SJ00052,H WGCP,MB,SET,NA,"22-26""",OLD AGE,,,,325,192.984,M99675,2011-11-14 11:40:00,2012-03-20 00:00:00
Winter Garments,Winterwear Mens,Pullovers [WM],T Shirts,Tudor International. (5042) : ST00042,H WMP,MB,R NECK,NA,F FREE,OLD AGE,,,,195,121.44,M333881,2014-09-19 11:04:17,2017-10-28 00:00:00
Winter Garments,Winterwear Boys,Pullovers [WB],Boys,Puja International. (5064) : SP00014,H WBP,HX69,,NA,"20-24""",OLD AGE,,,,695,405.744,M338716,2014-11-05 17:39:43,2014-11-06 00:00:00
Winter Garments,Winterwear Mens,Track Suits [WM],Sports,Tudor International. (5042) : ST00042,H WMT,MB,,NA,NA,OLD AGE,,,,1150,647.467,M338735,2014-11-06 10:00:17,2014-11-06 00:00:00
Winter Garments,Winterwear Boys,Jackets [WB],Boys,Dua Garments. (5014) : SD00016,H WBJ,DUA,,NA,"20-24""",OLD AGE,,,,395,225.244,M338739,2014-11-06 10:03:50,2014-12-01 00:00:00
Winter Garments,Winterwear Mens,Woolen Accessories,Acc 1,Kuldip Oswal Hosiery Mills Pvt. Ltd. (5024) : SK00029,H CAP,BORGOFORTE,MENS,NA,NA,OLD AGE,,,,99,56.202,M339406,2014-11-08 14:38:21,2014-11-11 00:00:00
Winter Garments,Winterwear Mens,Track Suits [WM],Sports,Imb Urban Apparels. (3033) : SI00030,H WMT,RADIANT,PAYJAMA,NA,NA,OLD AGE,,,,345,194.925,M339414,2014-11-08 15:15:41,2014-11-10 00:00:00
Winter Garments,Winterwear Ladies,Jackets [WL],Western,Poddar Enterprises. (0139) : SP00059,H WLJ,MB,,NA,F/S,OLD AGE,,,,495,300,M339431,2014-11-10 10:04:04,2014-11-10 00:00:00
